,Time,Driver,DriverNumber,LapTime,LapNumber,Stint,PitOutTime,PitInTime,Sector1Time,Sector2Time,Sector3Time,Sector1SessionTime,Sector2SessionTime,Sector3SessionTime,SpeedI1,SpeedI2,SpeedFL,SpeedST,IsPersonalBest,Compound,TyreLife,FreshTyre,Team,LapStartTime,LapStartDate,TrackStatus,Position,Deleted,DeletedReason,FastF1Generated,IsAccurate,LapTime_in_seconds,laptime_sum_sectortimes
0,0 days 00:23:14.776000,NOR,4,,1.0,1.0,0 days 00:21:47.835000,,,38.857,24.841,,0 days 00:22:50.057000,0 days 00:23:14.776000,271.0,149.0,286.0,273.0,False,SOFT,1.0,True,McLaren,0 days 00:21:47.835000,2025-06-28 14:09:26.637,1,,False,,False,False,,
1,0 days 00:24:19.448000,NOR,4,0 days 00:01:04.672000,2.0,1.0,,,16.434,28.843,19.395,0 days 00:23:31.210000,0 days 00:24:00.053000,0 days 00:24:19.448000,316.0,250.0,288.0,318.0,True,SOFT,2.0,True,McLaren,0 days 00:23:14.776000,2025-06-28 14:10:53.578,1,,False,,False,True,64.672,64.672
2,0 days 00:25:53.967000,NOR,4,0 days 00:01:34.519000,3.0,1.0,,0 days 00:25:50.712000,27.082,37.232,30.205,0 days 00:24:46.530000,0 days 00:25:23.762000,0 days 00:25:53.967000,184.0,208.0,,221.0,False,SOFT,3.0,True,McLaren,0 days 00:24:19.448000,2025-06-28 14:11:58.250,1,,False,,False,False,94.519,94.51899999999999
3,0 days 00:32:14.682000,NOR,4,,4.0,2.0,0 days 00:30:50.949000,,,38.018,23.724,,0 days 00:31:50.958000,0 days 00:32:14.987000,217.0,172.0,287.0,271.0,False,SOFT,4.0,False,McLaren,0 days 00:25:53.967000,2025-06-28 14:13:32.769,1,,False,,False,False,,
4,0 days 00:33:19.559000,NOR,4,0 days 00:01:04.877000,5.0,2.0,,,16.407,28.763,19.707,0 days 00:32:31.089000,0 days 00:32:59.852000,0 days 00:33:19.559000,314.0,250.0,281.0,318.0,False,SOFT,5.0,False,McLaren,0 days 00:32:14.682000,2025-06-28 14:19:53.484,1,,False,,False,True,64.877,64.87700000000001
5,0 days 00:35:07.173000,NOR,4,0 days 00:01:47.614000,6.0,2.0,,0 days 00:34:48.556000,19.034,42.308,46.272,0 days 00:33:38.593000,0 days 00:34:20.901000,0 days 00:35:07.173000,207.0,73.0,,193.0,False,SOFT,6.0,False,McLaren,0 days 00:33:19.559000,2025-06-28 14:20:58.361,1,,False,,False,False,107.614,107.614
6,0 days 00:49:16.999000,NOR,4,,7.0,3.0,0 days 00:47:39.480000,,,43.927,22.067,,0 days 00:48:55.004000,0 days 00:49:16.999000,267.0,205.0,288.0,293.0,False,SOFT,1.0,True,McLaren,0 days 00:35:07.173000,2025-06-28 14:22:45.975,12,,False,,False,False,,
7,0 days 00:50:21.409000,NOR,4,0 days 00:01:04.410000,8.0,3.0,,,16.424,28.623,19.363,0 days 00:49:33.423000,0 days 00:50:02.046000,0 days 00:50:21.409000,313.0,250.0,287.0,321.0,True,SOFT,2.0,True,McLaren,0 days 00:49:16.999000,2025-06-28 14:36:55.801,1,,False,,False,True,64.41,64.41
8,0 days 01:01:48.945000,NOR,4,,9.0,3.0,,0 days 00:51:50.431000,20.662,39.585,,0 days 00:50:42.113000,0 days 00:51:21.680000,,201.0,189.0,,204.0,False,SOFT,3.0,True,McLaren,0 days 00:50:21.409000,2025-06-28 14:38:00.211,15,,False,,False,False,,
9,0 days 01:03:17.423000,NOR,4,,10.0,4.0,0 days 01:01:48.945000,,,39.532,22.829,,0 days 01:02:54.631000,0 days 01:03:17.553000,253.0,189.0,287.0,274.0,False,SOFT,4.0,False,McLaren,0 days 01:01:48.945000,2025-06-28 14:49:27.747,1,,False,,False,False,,
10,0 days 01:04:22.624000,NOR,4,0 days 00:01:05.201000,11.0,4.0,,,16.36,29.36,19.481,0 days 01:03:33.783000,0 days 01:04:03.143000,0 days 01:04:22.624000,319.0,249.0,287.0,317.0,False,SOFT,5.0,False,McLaren,0 days 01:03:17.423000,2025-06-28 14:50:56.225,1,,False,,False,True,65.201,65.201
11,0 days 01:05:51.492000,NOR,4,0 days 00:01:28.868000,12.0,4.0,,0 days 01:05:48.071000,20.478,35.554,32.836,0 days 01:04:43.102000,0 days 01:05:18.656000,0 days 01:05:51.492000,254.0,212.0,,194.0,False,SOFT,6.0,False,McLaren,0 days 01:04:22.624000,2025-06-28 14:52:01.426,1,,False,,False,False,88.868,88.868
12,0 days 01:17:35.206000,NOR,4,,13.0,5.0,0 days 01:16:05.166000,,,35.8,23.076,,0 days 01:17:12.260000,0 days 01:17:35.206000,277.0,169.0,287.0,288.0,False,SOFT,1.0,True,McLaren,0 days 01:05:51.492000,2025-06-28 14:53:30.294,12,,False,,False,False,,
13,0 days 01:18:39.474000,NOR,4,0 days 00:01:04.268000,14.0,5.0,,,16.346,28.642,19.28,0 days 01:17:51.552000,0 days 01:18:20.194000,0 days 01:18:39.474000,316.0,251.0,287.0,322.0,True,SOFT,2.0,True,McLaren,0 days 01:17:35.206000,2025-06-28 15:05:14.008,1,,False,,False,True,64.268,64.268
14,0 days 01:20:07.079000,NOR,4,0 days 00:01:27.605000,15.0,5.0,,0 days 01:20:03.713000,19.435,38.126,30.044,0 days 01:18:58.909000,0 days 01:19:37.035000,0 days 01:20:07.079000,221.0,182.0,,200.0,False,SOFT,3.0,True,McLaren,0 days 01:18:39.474000,2025-06-28 15:06:18.276,1,,False,,False,False,87.605,87.60499999999999
15,0 days 01:24:43.389000,NOR,4,,16.0,6.0,0 days 01:23:14.489000,,,36.607,22.671,,0 days 01:24:20.815000,0 days 01:24:43.612000,279.0,184.0,288.0,273.0,False,SOFT,1.0,True,McLaren,0 days 01:20:07.079000,2025-06-28 15:07:45.881,1,,False,,False,False,,
16,0 days 01:25:47.360000,NOR,4,0 days 00:01:03.971000,17.0,6.0,,,16.285,28.436,19.25,0 days 01:24:59.674000,0 days 01:25:28.110000,0 days 01:25:47.360000,316.0,252.0,286.0,318.0,True,SOFT,2.0,True,McLaren,0 days 01:24:43.389000,2025-06-28 15:12:22.191,12,,False,,False,True,63.971,63.971000000000004
17,0 days 01:27:23.990000,NOR,4,0 days 00:01:36.630000,18.0,6.0,,0 days 01:27:18.309000,21.682,40.134,34.814,0 days 01:26:09.042000,0 days 01:26:49.176000,0 days 01:27:23.990000,177.0,205.0,,179.0,False,SOFT,3.0,True,McLaren,0 days 01:25:47.360000,2025-06-28 15:13:26.162,1,,False,,False,False,96.63,96.63
18,0 days 00:23:23.341000,PIA,81,,1.0,1.0,0 days 00:21:53.004000,,,36.548,24.675,,0 days 00:22:58.838000,0 days 00:23:23.428000,293.0,209.0,286.0,288.0,False,SOFT,1.0,True,McLaren,0 days 00:21:53.004000,2025-06-28 14:09:31.806,1,,False,,False,False,,
19,0 days 00:24:49.543000,PIA,81,0 days 00:01:26.202000,2.0,1.0,,,16.423,41.649,28.13,0 days 00:23:39.764000,0 days 00:24:21.413000,0 days 00:24:49.543000,314.0,190.0,150.0,318.0,True,SOFT,2.0,True,McLaren,0 days 00:23:23.341000,2025-06-28 14:11:02.143,1,,False,,False,True,86.202,86.202
20,0 days 00:26:27.293000,PIA,81,0 days 00:01:37.750000,3.0,1.0,,,32.375,39.319,26.056,0 days 00:25:21.918000,0 days 00:26:01.237000,0 days 00:26:27.293000,193.0,174.0,285.0,233.0,False,SOFT,3.0,True,McLaren,0 days 00:24:49.543000,2025-06-28 14:12:28.345,1,,False,,False,True,97.75,97.75
21,0 days 00:27:32.297000,PIA,81,0 days 00:01:05.004000,4.0,1.0,,,16.454,28.979,19.571,0 days 00:26:43.747000,0 days 00:27:12.726000,0 days 00:27:32.297000,315.0,248.0,286.0,318.0,True,SOFT,4.0,True,McLaren,0 days 00:26:27.293000,2025-06-28 14:14:06.095,1,,False,,False,True,65.004,65.004
22,0 days 00:29:01.776000,PIA,81,0 days 00:01:29.479000,5.0,1.0,,0 days 00:28:58.516000,21.551,37.64,30.288,0 days 00:27:53.848000,0 days 00:28:31.488000,0 days 00:29:01.776000,242.0,181.0,,239.0,False,SOFT,5.0,True,McLaren,0 days 00:27:32.297000,2025-06-28 14:15:11.099,1,,False,,False,False,89.479,89.479
23,0 days 00:32:44.658000,PIA,81,,6.0,2.0,0 days 00:31:05.496000,,,37.989,25.4,,0 days 00:32:19.452000,0 days 00:32:44.874000,282.0,159.0,285.0,294.0,False,SOFT,6.0,False,McLaren,0 days 00:29:01.776000,2025-06-28 14:16:40.578,1,,False,,False,False,,
24,0 days 00:33:49.624000,PIA,81,0 days 00:01:04.966000,7.0,2.0,,,16.454,28.889,19.623,0 days 00:33:01.112000,0 days 00:33:30.001000,0 days 00:33:49.624000,314.0,251.0,284.0,320.0,True,SOFT,7.0,False,McLaren,0 days 00:32:44.658000,2025-06-28 14:20:23.460,1,,False,,False,True,64.966,64.96600000000001
25,0 days 00:35:23.448000,PIA,81,0 days 00:01:33.824000,8.0,2.0,,0 days 00:35:20.146000,23.613,40.202,30.009,0 days 00:34:13.237000,0 days 00:34:53.439000,0 days 00:35:23.448000,241.0,190.0,,235.0,False,SOFT,8.0,False,McLaren,0 days 00:33:49.624000,2025-06-28 14:21:28.426,1,,False,,False,False,93.824,93.824
26,0 days 00:49:00.057000,PIA,81,,9.0,3.0,0 days 00:47:20.765000,,,39.931,24.587,,0 days 00:48:35.470000,0 days 00:49:00.077000,133.0,204.0,288.0,190.0,False,SOFT,1.0,True,McLaren,0 days 00:35:23.448000,2025-06-28 14:23:02.250,12,,False,,False,False,,
27,0 days 00:50:04.613000,PIA,81,0 days 00:01:04.556000,10.0,3.0,,,16.354,28.694,19.508,0 days 00:49:16.411000,0 days 00:49:45.105000,0 days 00:50:04.613000,314.0,251.0,286.0,322.0,True,SOFT,2.0,True,McLaren,0 days 00:49:00.057000,2025-06-28 14:36:38.859,1,,False,,False,True,64.556,64.556
28,0 days 00:51:33.868000,PIA,81,0 days 00:01:29.255000,11.0,3.0,,0 days 00:51:30.502000,21.819,38.187,29.249,0 days 00:50:26.432000,0 days 00:51:04.619000,0 days 00:51:33.868000,234.0,187.0,,230.0,False,SOFT,3.0,True,McLaren,0 days 00:50:04.613000,2025-06-28 14:37:43.415,1,,False,,False,False,89.255,89.255
29,0 days 01:03:28.445000,PIA,81,,12.0,4.0,0 days 01:01:56.980000,,,38.407,24.651,,0 days 01:03:03.912000,0 days 01:03:28.599000,291.0,146.0,287.0,281.0,False,SOFT,4.0,False,McLaren,0 days 01:01:56.980000,2025-06-28 14:49:35.782,1,,False,,False,False,,
30,0 days 01:04:33.181000,PIA,81,0 days 00:01:04.736000,13.0,4.0,,,16.309,28.926,19.501,0 days 01:03:44.754000,0 days 01:04:13.680000,0 days 01:04:33.181000,320.0,251.0,286.0,318.0,False,SOFT,5.0,False,McLaren,0 days 01:03:28.445000,2025-06-28 14:51:07.247,1,,False,,False,True,64.736,64.736
31,0 days 01:06:09.064000,PIA,81,0 days 00:01:35.883000,14.0,4.0,,0 days 01:06:05.743000,23.458,44.482,27.943,0 days 01:04:56.639000,0 days 01:05:41.121000,0 days 01:06:09.064000,218.0,199.0,,130.0,False,SOFT,6.0,False,McLaren,0 days 01:04:33.181000,2025-06-28 14:52:11.983,1,,False,,False,False,95.883,95.883
32,0 days 01:17:24.938000,PIA,81,,15.0,5.0,0 days 01:15:48.056000,,,36.814,24.445,,0 days 01:17:00.572000,0 days 01:17:24.984000,299.0,158.0,286.0,308.0,False,SOFT,1.0,True,McLaren,0 days 01:06:09.064000,2025-06-28 14:53:47.866,12,,False,,False,False,,
33,0 days 01:18:29.492000,PIA,81,0 days 00:01:04.554000,16.0,5.0,,,16.469,28.792,19.293,0 days 01:17:41.407000,0 days 01:18:10.199000,0 days 01:18:29.492000,315.0,255.0,286.0,321.0,True,SOFT,2.0,True,McLaren,0 days 01:17:24.938000,2025-06-28 15:05:03.740,1,,False,,False,True,64.554,64.554
34,0 days 01:20:03.470000,PIA,81,0 days 00:01:33.978000,17.0,5.0,,0 days 01:20:00.119000,24.289,41.369,28.32,0 days 01:18:53.781000,0 days 01:19:35.150000,0 days 01:20:03.470000,248.0,197.0,,244.0,False,SOFT,3.0,True,McLaren,0 days 01:18:29.492000,2025-06-28 15:06:08.294,1,,False,,False,False,93.978,93.97800000000001
35,0 days 01:25:07.949000,PIA,81,,18.0,6.0,0 days 01:23:19.536000,,,39.202,25.796,,0 days 01:24:42.253000,0 days 01:25:08.144000,300.0,193.0,206.0,308.0,False,SOFT,1.0,True,McLaren,0 days 01:20:03.470000,2025-06-28 15:07:42.272,12,,False,,False,False,,
36,0 days 01:26:40.573000,PIA,81,0 days 00:01:32.624000,19.0,6.0,,0 days 01:26:36.751000,22.105,40.416,30.103,0 days 01:25:30.054000,0 days 01:26:10.470000,0 days 01:26:40.573000,244.0,200.0,,166.0,False,SOFT,2.0,True,McLaren,0 days 01:25:07.949000,2025-06-28 15:12:46.751,1,,False,,False,False,92.624,92.624
37,0 days 00:23:06.974000,VER,1,,1.0,2.0,0 days 00:21:42.613000,,,41.404,22.513,,0 days 00:22:44.479000,0 days 00:23:07.104000,213.0,186.0,287.0,213.0,False,SOFT,4.0,False,Red Bull Racing,0 days 00:21:42.613000,2025-06-28 14:09:21.415,1,,False,,False,False,,
38,0 days 00:24:12.080000,VER,1,0 days 00:01:05.106000,2.0,2.0,,,16.37,29.123,19.613,0 days 00:23:23.344000,0 days 00:23:52.467000,0 days 00:24:12.080000,319.0,247.0,285.0,318.0,True,SOFT,5.0,False,Red Bull Racing,0 days 00:23:06.974000,2025-06-28 14:10:45.776,1,,False,,False,True,65.106,65.106
39,0 days 00:26:00.034000,VER,1,0 days 00:01:47.954000,3.0,2.0,,0 days 00:25:39.852000,23.324,39.063,45.567,0 days 00:24:35.404000,0 days 00:25:14.467000,0 days 00:26:00.034000,228.0,203.0,,181.0,False,SOFT,6.0,False,Red Bull Racing,0 days 00:24:12.080000,2025-06-28 14:11:50.882,1,,False,,False,False,107.954,107.95400000000001
40,0 days 00:33:46.131000,VER,1,,4.0,2.0,0 days 00:32:12.391000,,,41.425,22.942,,0 days 00:33:23.248000,0 days 00:33:46.372000,195.0,207.0,286.0,162.0,False,SOFT,7.0,False,Red Bull Racing,0 days 00:26:00.034000,2025-06-28 14:13:38.836,1,,False,,False,False,,
41,0 days 00:34:51.333000,VER,1,0 days 00:01:05.202000,5.0,2.0,,,16.407,29.085,19.71,0 days 00:34:02.538000,0 days 00:34:31.623000,0 days 00:34:51.333000,318.0,245.0,285.0,321.0,False,SOFT,8.0,False,Red Bull Racing,0 days 00:33:46.131000,2025-06-28 14:21:24.933,1,,False,,False,True,65.202,65.202
42,0 days 00:36:19.042000,VER,1,0 days 00:01:27.709000,6.0,2.0,,0 days 00:36:15.704000,22.06,36.392,29.257,0 days 00:35:13.393000,0 days 00:35:49.785000,0 days 00:36:19.042000,228.0,189.0,,223.0,False,SOFT,9.0,False,Red Bull Racing,0 days 00:34:51.333000,2025-06-28 14:22:30.135,1,,False,,False,False,87.709,87.709
43,0 days 00:48:22.365000,VER,1,,7.0,3.0,0 days 00:46:50.677000,,,38.261,23.243,,0 days 00:47:59.122000,0 days 00:48:22.448000,271.0,179.0,288.0,293.0,False,SOFT,1.0,True,Red Bull Racing,0 days 00:36:19.042000,2025-06-28 14:23:57.844,12,,False,,False,False,,
44,0 days 00:49:27.468000,VER,1,0 days 00:01:05.103000,8.0,3.0,,,16.488,29.038,19.577,0 days 00:48:38.853000,0 days 00:49:07.891000,0 days 00:49:27.468000,314.0,248.0,286.0,320.0,True,SOFT,2.0,True,Red Bull Racing,0 days 00:48:22.365000,2025-06-28 14:36:01.167,1,,False,,False,True,65.103,65.103
45,0 days 00:50:55.289000,VER,1,0 days 00:01:27.821000,9.0,3.0,,0 days 00:50:51.822000,23.792,36.199,27.83,0 days 00:49:51.260000,0 days 00:50:27.459000,0 days 00:50:55.289000,225.0,199.0,,247.0,False,SOFT,3.0,True,Red Bull Racing,0 days 00:49:27.468000,2025-06-28 14:37:06.270,1,,False,,False,False,87.821,87.821
46,0 days 01:03:10.113000,VER,1,,10.0,4.0,0 days 01:01:39.879000,,,39.987,23.625,,0 days 01:02:46.662000,0 days 01:03:10.381000,209.0,176.0,288.0,222.0,False,SOFT,1.0,True,Red Bull Racing,0 days 01:01:39.879000,2025-06-28 14:49:18.681,1,,False,,False,False,,
47,0 days 01:04:14.949000,VER,1,0 days 00:01:04.836000,11.0,4.0,,,16.439,28.901,19.496,0 days 01:03:26.552000,0 days 01:03:55.453000,0 days 01:04:14.949000,320.0,247.0,287.0,318.0,True,SOFT,2.0,True,Red Bull Racing,0 days 01:03:10.113000,2025-06-28 14:50:48.915,1,,False,,False,True,64.836,64.836
48,0 days 01:05:44.084000,VER,1,0 days 00:01:29.135000,12.0,4.0,,0 days 01:05:40.696000,21.005,39.552,28.578,0 days 01:04:35.954000,0 days 01:05:15.506000,0 days 01:05:44.084000,237.0,170.0,,225.0,False,SOFT,3.0,True,Red Bull Racing,0 days 01:04:14.949000,2025-06-28 14:51:53.751,1,,False,,False,False,89.135,89.135
49,0 days 01:17:54.321000,VER,1,,13.0,5.0,0 days 01:16:24.791000,,,40.369,22.858,,0 days 01:17:31.621000,0 days 01:17:54.407000,207.0,191.0,286.0,212.0,False,SOFT,4.0,False,Red Bull Racing,0 days 01:05:44.084000,2025-06-28 14:53:22.886,12,,False,,False,False,,
50,0 days 01:18:59.250000,VER,1,0 days 00:01:04.929000,14.0,5.0,,,16.496,28.905,19.528,0 days 01:18:10.817000,0 days 01:18:39.722000,0 days 01:18:59.250000,316.0,249.0,280.0,320.0,True,SOFT,5.0,False,Red Bull Racing,0 days 01:17:54.321000,2025-06-28 15:05:33.123,1,,False,,False,True,64.929,64.929
51,0 days 01:20:19.235000,VER,1,0 days 00:01:19.985000,15.0,5.0,,0 days 01:20:15.958000,19.251,34.227,26.507,0 days 01:19:18.501000,0 days 01:19:52.728000,0 days 01:20:19.235000,225.0,222.0,,221.0,False,SOFT,6.0,False,Red Bull Racing,0 days 01:18:59.250000,2025-06-28 15:06:38.052,1,,False,,False,False,79.985,79.985
52,0 days 01:24:07.973000,VER,1,,16.0,6.0,0 days 01:22:27.955000,,,39.124,22.694,,0 days 01:23:45.317000,0 days 01:24:08.036000,236.0,180.0,287.0,235.0,False,SOFT,1.0,True,Red Bull Racing,0 days 01:20:19.235000,2025-06-28 15:07:58.037,1,,False,,False,False,,
53,0 days 01:25:15.647000,VER,1,0 days 00:01:07.674000,17.0,6.0,,,16.436,28.689,22.549,0 days 01:24:24.409000,0 days 01:24:53.098000,0 days 01:25:15.647000,317.0,249.0,233.0,320.0,False,SOFT,2.0,True,Red Bull Racing,0 days 01:24:07.973000,2025-06-28 15:11:46.775,12,,False,,False,True,67.674,67.674
54,0 days 01:26:48.431000,VER,1,,18.0,6.0,,0 days 01:26:48.431000,24.65,36.541,,0 days 01:25:40.235000,0 days 01:26:16.813000,,210.0,192.0,,213.0,False,SOFT,3.0,True,Red Bull Racing,0 days 01:25:15.647000,2025-06-28 15:12:54.449,1,,False,,False,False,,
55,0 days 00:23:31.884000,LEC,16,,1.0,2.0,0 days 00:21:57.860000,,,36.048,22.026,,0 days 00:23:09.994000,0 days 00:23:31.972000,275.0,208.0,286.0,282.0,False,SOFT,4.0,False,Ferrari,0 days 00:21:57.860000,2025-06-28 14:09:36.662,1,,False,,False,False,,
56,0 days 00:24:37.229000,LEC,16,0 days 00:01:05.345000,2.0,2.0,,,16.434,29.181,19.73,0 days 00:23:48.318000,0 days 00:24:17.499000,0 days 00:24:37.229000,314.0,248.0,288.0,318.0,True,SOFT,5.0,False,Ferrari,0 days 00:23:31.884000,2025-06-28 14:11:10.686,1,,False,,False,True,65.345,65.345
57,0 days 00:26:08.684000,LEC,16,0 days 00:01:31.455000,3.0,2.0,,0 days 00:26:05.446000,20.313,38.052,33.09,0 days 00:24:57.542000,0 days 00:25:35.594000,0 days 00:26:08.684000,200.0,207.0,,231.0,False,SOFT,6.0,False,Ferrari,0 days 00:24:37.229000,2025-06-28 14:12:16.031,1,,False,,False,False,91.455,91.455
58,0 days 00:32:53.468000,LEC,16,,4.0,2.0,0 days 00:31:08.670000,,,39.074,23.914,,0 days 00:32:29.577000,0 days 00:32:53.718000,262.0,172.0,286.0,253.0,False,SOFT,7.0,False,Ferrari,0 days 00:26:08.684000,2025-06-28 14:13:47.486,1,,False,,False,False,,
59,0 days 00:33:58.665000,LEC,16,0 days 00:01:05.197000,5.0,2.0,,,16.531,29.011,19.655,0 days 00:33:09.999000,0 days 00:33:39.010000,0 days 00:33:58.665000,315.0,247.0,284.0,320.0,True,SOFT,8.0,False,Ferrari,0 days 00:32:53.468000,2025-06-28 14:20:32.270,1,,False,,False,True,65.197,65.197
60,0 days 00:35:27.479000,LEC,16,0 days 00:01:28.814000,6.0,2.0,,0 days 00:35:24.139000,22.597,37.598,28.619,0 days 00:34:21.262000,0 days 00:34:58.860000,0 days 00:35:27.479000,174.0,213.0,,297.0,False,SOFT,9.0,False,Ferrari,0 days 00:33:58.665000,2025-06-28 14:21:37.467,1,,False,,False,False,88.814,88.814
61,0 days 00:43:48.852000,LEC,16,,7.0,3.0,0 days 00:42:24.840000,,,38.862,24.734,,0 days 00:43:24.184000,0 days 00:43:48.872000,276.0,166.0,284.0,286.0,False,SOFT,7.0,False,Ferrari,0 days 00:35:27.479000,2025-06-28 14:23:06.281,12,,False,,False,False,,
62,0 days 00:44:54.298000,LEC,16,0 days 00:01:05.446000,8.0,3.0,,,16.617,29.16,19.669,0 days 00:44:05.469000,0 days 00:44:34.629000,0 days 00:44:54.298000,314.0,247.0,286.0,315.0,True,SOFT,8.0,False,Ferrari,0 days 00:43:48.852000,2025-06-28 14:31:27.654,1,,False,,False,True,65.446,65.446
63,0 days 00:46:09.966000,LEC,16,0 days 00:01:15.668000,9.0,3.0,,0 days 00:46:06.697000,17.885,31.812,25.971,0 days 00:45:12.183000,0 days 00:45:43.995000,0 days 00:46:09.966000,288.0,229.0,,290.0,False,SOFT,9.0,False,Ferrari,0 days 00:44:54.298000,2025-06-28 14:32:33.100,1,,False,,False,False,75.668,75.668
64,0 days 00:49:28.832000,LEC,16,,10.0,4.0,0 days 00:47:55.239000,,,36.535,29.212,,0 days 00:48:59.653000,0 days 00:49:29.086000,289.0,126.0,288.0,304.0,False,SOFT,1.0,True,Ferrari,0 days 00:46:09.966000,2025-06-28 14:33:48.768,1,,False,,False,False,,
65,0 days 00:50:33.710000,LEC,16,0 days 00:01:04.878000,11.0,4.0,,,16.434,28.907,19.537,0 days 00:49:45.266000,0 days 00:50:14.173000,0 days 00:50:33.710000,312.0,251.0,286.0,320.0,True,SOFT,2.0,True,Ferrari,0 days 00:49:28.832000,2025-06-28 14:37:07.634,1,,False,,False,True,64.878,64.878
66,0 days 01:02:42.521000,LEC,16,,12.0,4.0,,0 days 00:52:08.197000,19.632,39.336,,0 days 00:50:53.369000,0 days 00:51:32.726000,,193.0,175.0,,225.0,False,SOFT,3.0,True,Ferrari,0 days 00:50:33.710000,2025-06-28 14:38:12.512,15,,False,,False,False,,
67,0 days 01:04:24.265000,LEC,16,,13.0,5.0,0 days 01:02:42.521000,,,41.274,26.112,,0 days 01:03:58.153000,0 days 01:04:24.520000,281.0,214.0,287.0,285.0,False,SOFT,4.0,False,Ferrari,0 days 01:02:42.521000,2025-06-28 14:50:21.323,1,,False,,False,False,,
68,0 days 01:05:28.999000,LEC,16,0 days 00:01:04.734000,14.0,5.0,,,16.391,28.867,19.476,0 days 01:04:40.656000,0 days 01:05:09.523000,0 days 01:05:28.999000,318.0,247.0,287.0,317.0,True,SOFT,5.0,False,Ferrari,0 days 01:04:24.265000,2025-06-28 14:52:03.067,1,,False,,False,True,64.734,64.734
69,0 days 01:06:54.209000,LEC,16,0 days 00:01:25.210000,15.0,5.0,,0 days 01:06:50.837000,19.753,36.056,29.401,0 days 01:05:48.752000,0 days 01:06:24.808000,0 days 01:06:54.209000,238.0,196.0,,227.0,False,SOFT,6.0,False,Ferrari,0 days 01:05:28.999000,2025-06-28 14:53:07.801,1,,False,,False,False,85.21,85.21
70,0 days 01:18:03.020000,LEC,16,,16.0,6.0,0 days 01:16:31.056000,,,41.652,21.784,,0 days 01:17:41.331000,0 days 01:18:03.127000,288.0,137.0,286.0,296.0,False,SOFT,1.0,True,Ferrari,0 days 01:06:54.209000,2025-06-28 14:54:33.011,12,,False,,False,False,,
71,0 days 01:19:07.512000,LEC,16,0 days 00:01:04.492000,17.0,6.0,,,16.371,28.763,19.358,0 days 01:18:19.391000,0 days 01:18:48.154000,0 days 01:19:07.512000,315.0,249.0,285.0,321.0,True,SOFT,2.0,True,Ferrari,0 days 01:18:03.020000,2025-06-28 15:05:41.822,1,,False,,False,True,64.492,64.492
72,0 days 01:20:25.963000,LEC,16,0 days 00:01:18.451000,18.0,6.0,,0 days 01:20:22.623000,18.638,33.081,26.732,0 days 01:19:26.150000,0 days 01:19:59.231000,0 days 01:20:25.963000,288.0,223.0,,263.0,False,SOFT,3.0,True,Ferrari,0 days 01:19:07.512000,2025-06-28 15:06:46.314,1,,False,,False,False,78.451,78.45100000000001
73,0 days 01:24:31.875000,LEC,16,,19.0,7.0,0 days 01:22:57.440000,,,34.186,26.152,,0 days 01:24:05.739000,0 days 01:24:32.112000,288.0,144.0,288.0,298.0,False,SOFT,1.0,True,Ferrari,0 days 01:20:25.963000,2025-06-28 15:08:04.765,1,,False,,False,False,,
74,0 days 01:25:36.376000,LEC,16,0 days 00:01:04.501000,20.0,7.0,,,16.326,28.725,19.45,0 days 01:24:48.201000,0 days 01:25:16.926000,0 days 01:25:36.376000,315.0,251.0,285.0,318.0,False,SOFT,2.0,True,Ferrari,0 days 01:24:31.875000,2025-06-28 15:12:10.677,12,,False,,False,True,64.501,64.501
75,0 days 01:27:14.083000,LEC,16,0 days 00:01:37.707000,21.0,7.0,,0 days 01:27:06.660000,21.282,39.596,36.829,0 days 01:25:57.658000,0 days 01:26:37.254000,0 days 01:27:14.083000,208.0,186.0,,185.0,False,SOFT,3.0,True,Ferrari,0 days 01:25:36.376000,2025-06-28 15:13:15.178,1,,False,,False,False,97.707,97.707
76,0 days 00:23:46.066000,HAM,44,,1.0,1.0,0 days 00:22:07.213000,,,40.24,22.987,,0 days 00:23:23.104000,0 days 00:23:46.102000,228.0,187.0,285.0,238.0,False,SOFT,1.0,True,Ferrari,0 days 00:22:07.213000,2025-06-28 14:09:46.015,1,,False,,False,False,,
77,0 days 00:24:51.181000,HAM,44,0 days 00:01:05.115000,2.0,1.0,,,16.546,28.892,19.677,0 days 00:24:02.612000,0 days 00:24:31.504000,0 days 00:24:51.181000,314.0,246.0,285.0,319.0,True,SOFT,2.0,True,Ferrari,0 days 00:23:46.066000,2025-06-28 14:11:24.868,1,,False,,False,True,65.115,65.11500000000001
78,0 days 00:26:25.571000,HAM,44,0 days 00:01:34.390000,3.0,1.0,,0 days 00:26:22.268000,24.56,38.756,31.074,0 days 00:25:15.741000,0 days 00:25:54.497000,0 days 00:26:25.571000,212.0,194.0,,157.0,False,SOFT,3.0,True,Ferrari,0 days 00:24:51.181000,2025-06-28 14:12:29.983,1,,False,,False,False,94.39,94.39
79,0 days 00:33:04.705000,HAM,44,,4.0,2.0,0 days 00:31:13.298000,,,41.519,23.56,,0 days 00:32:41.186000,0 days 00:33:04.971000,226.0,178.0,285.0,224.0,False,SOFT,4.0,False,Ferrari,0 days 00:26:25.571000,2025-06-28 14:14:04.373,1,,False,,False,False,,
80,0 days 00:34:10.095000,HAM,44,0 days 00:01:05.390000,5.0,2.0,,,16.587,29.046,19.757,0 days 00:33:21.292000,0 days 00:33:50.338000,0 days 00:34:10.095000,316.0,243.0,286.0,319.0,False,SOFT,5.0,False,Ferrari,0 days 00:33:04.705000,2025-06-28 14:20:43.507,1,,False,,False,True,65.39,65.39
81,0 days 00:35:38.673000,HAM,44,0 days 00:01:28.578000,6.0,2.0,,0 days 00:35:35.348000,22.658,38.18,27.74,0 days 00:34:32.753000,0 days 00:35:10.933000,0 days 00:35:38.673000,231.0,210.0,,248.0,False,SOFT,6.0,False,Ferrari,0 days 00:34:10.095000,2025-06-28 14:21:48.897,1,,False,,False,False,88.578,88.578
82,0 days 00:43:54.717000,HAM,44,,7.0,3.0,0 days 00:42:29.731000,,,39.481,24.414,,0 days 00:43:30.434000,0 days 00:43:54.856000,231.0,176.0,286.0,229.0,False,SOFT,7.0,False,Ferrari,0 days 00:35:38.673000,2025-06-28 14:23:17.475,12,,False,,False,False,,
83,0 days 00:45:00.368000,HAM,44,0 days 00:01:05.651000,8.0,3.0,,,16.458,29.4,19.793,0 days 00:44:11.175000,0 days 00:44:40.575000,0 days 00:45:00.368000,316.0,242.0,284.0,317.0,True,SOFT,8.0,False,Ferrari,0 days 00:43:54.717000,2025-06-28 14:31:33.519,1,,False,,False,True,65.651,65.651
84,0 days 00:46:36.586000,HAM,44,0 days 00:01:36.218000,9.0,3.0,,0 days 00:46:12.734000,18.274,31.847,46.097,0 days 00:45:18.642000,0 days 00:45:50.489000,0 days 00:46:36.586000,276.0,227.0,,291.0,False,SOFT,9.0,False,Ferrari,0 days 00:45:00.368000,2025-06-28 14:32:39.170,1,,False,,False,False,96.218,96.218
85,0 days 00:49:33.213000,HAM,44,,10.0,4.0,0 days 00:47:58.876000,,,40.397,22.773,,0 days 00:49:10.440000,0 days 00:49:33.388000,237.0,201.0,286.0,239.0,False,SOFT,1.0,True,Ferrari,0 days 00:46:36.586000,2025-06-28 14:34:15.388,1,,False,,False,False,,
86,0 days 00:50:38.109000,HAM,44,0 days 00:01:04.896000,11.0,4.0,,,16.433,28.898,19.565,0 days 00:49:49.646000,0 days 00:50:18.544000,0 days 00:50:38.109000,314.0,250.0,279.0,321.0,True,SOFT,2.0,True,Ferrari,0 days 00:49:33.213000,2025-06-28 14:37:12.015,1,,False,,False,True,64.896,64.896
87,0 days 01:02:51.771000,HAM,44,,12.0,4.0,,0 days 00:52:33.619000,20.83,40.385,,0 days 00:50:58.931000,0 days 00:51:39.377000,,227.0,181.0,,220.0,False,SOFT,3.0,True,Ferrari,0 days 00:50:38.109000,2025-06-28 14:38:16.911,15,,False,,False,False,,
88,0 days 01:04:30.071000,HAM,44,,13.0,5.0,0 days 01:02:51.771000,,,39.983,26.567,,0 days 01:04:03.518000,0 days 01:04:30.216000,239.0,93.0,285.0,239.0,False,SOFT,4.0,False,Ferrari,0 days 01:02:51.771000,2025-06-28 14:50:30.573,1,,False,,False,False,,
89,0 days 01:05:35.024000,HAM,44,0 days 00:01:04.953000,14.0,5.0,,,16.387,28.94,19.626,0 days 01:04:46.458000,0 days 01:05:15.398000,0 days 01:05:35.024000,319.0,246.0,284.0,319.0,False,SOFT,5.0,False,Ferrari,0 days 01:04:30.071000,2025-06-28 14:52:08.873,1,,False,,False,True,64.953,64.953
90,0 days 01:06:59.975000,HAM,44,0 days 00:01:24.951000,15.0,5.0,,0 days 01:06:56.525000,20.007,36.087,28.857,0 days 01:05:55.031000,0 days 01:06:31.118000,0 days 01:06:59.975000,269.0,192.0,,205.0,False,SOFT,6.0,False,Ferrari,0 days 01:05:35.024000,2025-06-28 14:53:13.826,1,,False,,False,False,84.951,84.95100000000001
91,0 days 01:18:21.529000,HAM,44,,16.0,6.0,0 days 01:16:42.853000,,,40.335,24.498,,0 days 01:17:57.031000,0 days 01:18:21.580000,236.0,193.0,288.0,238.0,False,SOFT,1.0,True,Ferrari,0 days 01:06:59.975000,2025-06-28 14:54:38.777,12,,False,,False,False,,
92,0 days 01:19:26.148000,HAM,44,0 days 00:01:04.619000,17.0,6.0,,,16.408,28.769,19.442,0 days 01:18:37.937000,0 days 01:19:06.706000,0 days 01:19:26.148000,315.0,246.0,285.0,320.0,True,SOFT,2.0,True,Ferrari,0 days 01:18:21.529000,2025-06-28 15:06:00.331,1,,False,,False,True,64.619,64.619
93,0 days 01:20:53.895000,HAM,44,0 days 00:01:27.747000,18.0,6.0,,0 days 01:20:50.530000,20.281,38.39,29.076,0 days 01:19:46.429000,0 days 01:20:24.819000,0 days 01:20:53.895000,234.0,166.0,,210.0,False,SOFT,3.0,True,Ferrari,0 days 01:19:26.148000,2025-06-28 15:07:04.950,1,,False,,False,False,87.747,87.747
94,0 days 01:24:51.841000,HAM,44,,19.0,7.0,0 days 01:23:17.801000,,,37.961,21.986,,0 days 01:24:29.940000,0 days 01:24:52.088000,234.0,213.0,287.0,240.0,False,SOFT,1.0,True,Ferrari,0 days 01:20:53.895000,2025-06-28 15:08:32.697,1,,False,,False,False,,
95,0 days 01:25:56.423000,HAM,44,0 days 00:01:04.582000,20.0,7.0,,,16.366,28.703,19.513,0 days 01:25:08.207000,0 days 01:25:36.910000,0 days 01:25:56.423000,316.0,247.0,285.0,319.0,True,SOFT,2.0,True,Ferrari,0 days 01:24:51.841000,2025-06-28 15:12:30.643,12,,False,,False,True,64.582,64.58200000000001
96,0 days 01:27:25.506000,HAM,44,,21.0,7.0,,0 days 01:27:25.506000,23.173,38.287,,0 days 01:26:19.720000,0 days 01:26:58.041000,,203.0,190.0,,209.0,False,SOFT,3.0,True,Ferrari,0 days 01:25:56.423000,2025-06-28 15:13:35.225,1,,False,,False,False,,
97,0 days 00:24:34.837000,RUS,63,,1.0,1.0,0 days 00:23:02.666000,,,39.456,23.262,,0 days 00:24:11.646000,0 days 00:24:34.958000,279.0,184.0,286.0,295.0,False,SOFT,1.0,True,Mercedes,0 days 00:23:02.666000,2025-06-28 14:10:41.468,1,,False,,False,False,,
98,0 days 00:25:40.196000,RUS,63,0 days 00:01:05.359000,2.0,1.0,,,16.447,29.139,19.773,0 days 00:24:51.284000,0 days 00:25:20.423000,0 days 00:25:40.196000,316.0,246.0,287.0,319.0,True,SOFT,2.0,True,Mercedes,0 days 00:24:34.837000,2025-06-28 14:12:13.639,1,,False,,False,True,65.359,65.359
99,0 days 00:27:15.513000,RUS,63,0 days 00:01:35.317000,3.0,1.0,,0 days 00:27:12.076000,26.142,39.458,29.717,0 days 00:26:06.338000,0 days 00:26:45.796000,0 days 00:27:15.513000,248.0,185.0,,251.0,False,SOFT,3.0,True,Mercedes,0 days 00:25:40.196000,2025-06-28 14:13:18.998,1,,False,,False,False,95.317,95.317
100,0 days 00:34:44.665000,RUS,63,,4.0,2.0,0 days 00:33:10.645000,,,37.296,25.697,,0 days 00:34:19.029000,0 days 00:34:44.794000,292.0,69.0,287.0,294.0,False,SOFT,1.0,True,Mercedes,0 days 00:27:15.513000,2025-06-28 14:14:54.315,1,,False,,False,False,,
101,0 days 00:35:49.854000,RUS,63,0 days 00:01:05.189000,5.0,2.0,,,16.369,29.315,19.505,0 days 00:35:01.034000,0 days 00:35:30.349000,0 days 00:35:49.854000,317.0,248.0,287.0,318.0,True,SOFT,2.0,True,Mercedes,0 days 00:34:44.665000,2025-06-28 14:22:23.467,1,,False,,False,True,65.189,65.189
102,0 days 00:37:22.440000,RUS,63,0 days 00:01:32.586000,6.0,2.0,,0 days 00:37:18.860000,22.445,38.452,31.689,0 days 00:36:12.299000,0 days 00:36:50.751000,0 days 00:37:22.440000,256.0,175.0,,271.0,False,SOFT,3.0,True,Mercedes,0 days 00:35:49.854000,2025-06-28 14:23:28.656,1,,False,,False,False,92.586,92.586
103,0 days 00:48:48.206000,RUS,63,,7.0,3.0,0 days 00:47:11.515000,,,42.048,25.194,,0 days 00:48:23.229000,0 days 00:48:48.285000,275.0,184.0,288.0,148.0,False,SOFT,4.0,False,Mercedes,0 days 00:37:22.440000,2025-06-28 14:25:01.242,12,,False,,False,False,,
104,0 days 00:49:53.588000,RUS,63,0 days 00:01:05.382000,8.0,3.0,,,16.416,29.32,19.646,0 days 00:49:04.622000,0 days 00:49:33.942000,0 days 00:49:53.588000,312.0,246.0,286.0,320.0,True,SOFT,5.0,False,Mercedes,0 days 00:48:48.206000,2025-06-28 14:36:27.008,1,,False,,False,True,65.382,65.382
105,0 days 00:51:18.425000,RUS,63,0 days 00:01:24.837000,9.0,3.0,,0 days 00:51:15.188000,19.397,36.587,28.853,0 days 00:50:12.985000,0 days 00:50:49.572000,0 days 00:51:18.425000,279.0,193.0,,267.0,False,SOFT,6.0,False,Mercedes,0 days 00:49:53.588000,2025-06-28 14:37:32.390,1,,False,,False,False,84.837,84.837
106,0 days 01:04:07.711000,RUS,63,,10.0,4.0,0 days 01:02:33.353000,,,37.603,27.383,,0 days 01:03:40.351000,0 days 01:04:07.903000,287.0,218.0,286.0,298.0,False,SOFT,1.0,True,Mercedes,0 days 01:02:33.353000,2025-06-28 14:50:12.155,1,,False,,False,False,,
107,0 days 01:05:12.571000,RUS,63,0 days 00:01:04.860000,11.0,4.0,,,16.31,29.006,19.544,0 days 01:04:24.021000,0 days 01:04:53.027000,0 days 01:05:12.571000,320.0,247.0,287.0,320.0,True,SOFT,2.0,True,Mercedes,0 days 01:04:07.711000,2025-06-28 14:51:46.513,1,,False,,False,True,64.86,64.86
108,0 days 01:06:43.306000,RUS,63,0 days 00:01:30.735000,12.0,4.0,,0 days 01:06:39.900000,21.726,38.509,30.5,0 days 01:05:34.297000,0 days 01:06:12.806000,0 days 01:06:43.306000,253.0,174.0,,260.0,False,SOFT,3.0,True,Mercedes,0 days 01:05:12.571000,2025-06-28 14:52:51.373,1,,False,,False,False,90.735,90.735
109,0 days 01:18:31.042000,RUS,63,,13.0,5.0,0 days 01:17:01.916000,,,38.713,26.075,,0 days 01:18:05.112000,0 days 01:18:31.055000,285.0,204.0,287.0,220.0,False,SOFT,4.0,False,Mercedes,0 days 01:06:43.306000,2025-06-28 14:54:22.108,12,,False,,False,False,,
110,0 days 01:19:35.886000,RUS,63,0 days 00:01:04.844000,14.0,5.0,,,16.348,29.002,19.494,0 days 01:18:47.390000,0 days 01:19:16.392000,0 days 01:19:35.886000,316.0,247.0,285.0,320.0,True,SOFT,5.0,False,Mercedes,0 days 01:18:31.042000,2025-06-28 15:06:09.844,1,,False,,False,True,64.844,64.844
111,0 days 01:20:55.435000,RUS,63,0 days 00:01:19.549000,15.0,5.0,,0 days 01:20:51.920000,18.548,32.939,28.062,0 days 01:19:54.434000,0 days 01:20:27.373000,0 days 01:20:55.435000,285.0,215.0,,289.0,False,SOFT,6.0,False,Mercedes,0 days 01:19:35.886000,2025-06-28 15:07:14.688,1,,False,,False,False,79.549,79.54899999999999
112,0 days 01:24:23.012000,RUS,63,,16.0,6.0,0 days 01:22:54.408000,,,39.696,22.023,,0 days 01:24:00.989000,0 days 01:24:23.206000,284.0,205.0,287.0,298.0,False,SOFT,1.0,True,Mercedes,0 days 01:20:55.435000,2025-06-28 15:08:34.237,1,,False,,False,False,,
113,0 days 01:25:27.775000,RUS,63,0 days 00:01:04.763000,17.0,6.0,,,16.34,28.979,19.444,0 days 01:24:39.352000,0 days 01:25:08.331000,0 days 01:25:27.775000,317.0,250.0,287.0,319.0,True,SOFT,2.0,True,Mercedes,0 days 01:24:23.012000,2025-06-28 15:12:01.814,12,,False,,False,True,64.763,64.763
114,0 days 01:26:57.009000,RUS,63,,18.0,6.0,,0 days 01:26:57.009000,21.493,37.533,,0 days 01:25:49.282000,0 days 01:26:26.860000,,219.0,188.0,,220.0,False,SOFT,3.0,True,Mercedes,0 days 01:25:27.775000,2025-06-28 15:13:06.577,1,,False,,False,False,,
115,0 days 00:24:25.412000,ANT,12,,1.0,2.0,0 days 00:22:52.322000,,,38.93,23.04,,0 days 00:24:02.412000,0 days 00:24:25.412000,218.0,204.0,286.0,282.0,False,SOFT,1.0,True,Mercedes,0 days 00:22:52.322000,2025-06-28 14:10:31.124,1,,False,,False,False,,
116,0 days 00:25:30.695000,ANT,12,0 days 00:01:05.283000,2.0,2.0,,,16.467,29.116,19.7,0 days 00:24:41.879000,0 days 00:25:10.995000,0 days 00:25:30.695000,316.0,250.0,286.0,320.0,True,SOFT,2.0,True,Mercedes,0 days 00:24:25.412000,2025-06-28 14:12:04.214,1,,False,,False,True,65.283,65.283
117,0 days 00:27:08.891000,ANT,12,0 days 00:01:38.196000,3.0,2.0,,0 days 00:27:05.589000,24.166,42.411,31.619,0 days 00:25:54.861000,0 days 00:26:37.272000,0 days 00:27:08.891000,208.0,175.0,,254.0,False,SOFT,3.0,True,Mercedes,0 days 00:25:30.695000,2025-06-28 14:13:09.497,1,,False,,False,False,98.196,98.196
118,0 days 00:34:36.928000,ANT,12,,4.0,2.0,0 days 00:33:03.396000,,,38.823,23.667,,0 days 00:34:13.620000,0 days 00:34:37.092000,276.0,197.0,285.0,190.0,False,SOFT,4.0,True,Mercedes,0 days 00:27:08.891000,2025-06-28 14:14:47.693,1,,False,,False,False,,
119,0 days 00:35:42.106000,ANT,12,0 days 00:01:05.178000,5.0,2.0,,,16.319,29.115,19.744,0 days 00:34:53.247000,0 days 00:35:22.362000,0 days 00:35:42.106000,317.0,247.0,284.0,321.0,True,SOFT,5.0,True,Mercedes,0 days 00:34:36.928000,2025-06-28 14:22:15.730,1,,False,,False,True,65.178,65.178
120,0 days 00:37:18.394000,ANT,12,0 days 00:01:36.288000,6.0,2.0,,0 days 00:37:15.126000,22.259,40.35,33.679,0 days 00:36:04.365000,0 days 00:36:44.715000,0 days 00:37:18.394000,218.0,164.0,,224.0,False,SOFT,6.0,True,Mercedes,0 days 00:35:42.106000,2025-06-28 14:23:20.908,1,,False,,False,False,96.288,96.28800000000001
121,0 days 00:48:39.578000,ANT,12,,7.0,3.0,0 days 00:46:59.859000,,,39.332,25.088,,0 days 00:48:14.541000,0 days 00:48:39.613000,164.0,213.0,285.0,285.0,False,SOFT,4.0,False,Mercedes,0 days 00:37:18.394000,2025-06-28 14:24:57.196,12,,False,,False,False,,
122,0 days 00:49:45.266000,ANT,12,0 days 00:01:05.688000,8.0,3.0,,,16.515,29.399,19.774,0 days 00:48:56.093000,0 days 00:49:25.492000,0 days 00:49:45.266000,313.0,249.0,286.0,320.0,True,SOFT,5.0,False,Mercedes,0 days 00:48:39.578000,2025-06-28 14:36:18.380,1,,False,,False,True,65.688,65.688
123,0 days 00:51:14.420000,ANT,12,0 days 00:01:29.154000,9.0,3.0,,0 days 00:51:10.947000,20.061,37.842,31.251,0 days 00:50:05.327000,0 days 00:50:43.169000,0 days 00:51:14.420000,239.0,177.0,,240.0,False,SOFT,6.0,False,Mercedes,0 days 00:49:45.266000,2025-06-28 14:37:24.068,1,,False,,False,False,89.154,89.154
124,0 days 01:03:58.329000,ANT,12,,10.0,4.0,0 days 01:02:19.774000,,,41.213,28.494,,0 days 01:03:29.959000,0 days 01:03:58.512000,275.0,82.0,284.0,280.0,False,SOFT,1.0,True,Mercedes,0 days 01:02:19.774000,2025-06-28 14:49:58.576,1,,False,,False,False,,
125,0 days 01:05:03.381000,ANT,12,0 days 00:01:05.052000,11.0,4.0,,,16.338,29.161,19.553,0 days 01:04:14.667000,0 days 01:04:43.828000,0 days 01:05:03.381000,320.0,247.0,287.0,318.0,True,SOFT,2.0,True,Mercedes,0 days 01:03:58.329000,2025-06-28 14:51:37.131,1,,False,,False,True,65.052,65.052
126,0 days 01:06:36.551000,ANT,12,0 days 00:01:33.170000,12.0,4.0,,0 days 01:06:33.321000,21.5,39.378,32.292,0 days 01:05:24.881000,0 days 01:06:04.259000,0 days 01:06:36.551000,225.0,170.0,,170.0,False,SOFT,3.0,True,Mercedes,0 days 01:05:03.381000,2025-06-28 14:52:42.183,1,,False,,False,False,93.17,93.17
127,0 days 01:17:15.133000,ANT,12,,13.0,5.0,0 days 01:15:44.806000,,,39.061,23.726,,0 days 01:16:51.541000,0 days 01:17:15.213000,283.0,189.0,283.0,266.0,False,SOFT,4.0,False,Mercedes,0 days 01:06:36.551000,2025-06-28 14:54:15.353,12,,False,,False,False,,
128,0 days 01:18:20.409000,ANT,12,0 days 00:01:05.276000,14.0,5.0,,,16.439,29.177,19.66,0 days 01:17:31.572000,0 days 01:18:00.749000,0 days 01:18:20.409000,316.0,248.0,286.0,321.0,True,SOFT,5.0,False,Mercedes,0 days 01:17:15.133000,2025-06-28 15:04:53.935,1,,False,,False,True,65.276,65.276
129,0 days 01:19:50.021000,ANT,12,0 days 00:01:29.612000,15.0,5.0,,0 days 01:19:46.728000,22.787,38.263,28.562,0 days 01:18:43.196000,0 days 01:19:21.459000,0 days 01:19:50.021000,242.0,203.0,,246.0,False,SOFT,6.0,False,Mercedes,0 days 01:18:20.409000,2025-06-28 15:05:59.211,1,,False,,False,False,89.612,89.612
130,0 days 01:25:22.359000,ANT,12,,16.0,6.0,0 days 01:23:37.411000,,,39.446,28.832,,0 days 01:24:53.527000,0 days 01:25:22.606000,280.0,109.0,284.0,295.0,False,SOFT,1.0,True,Mercedes,0 days 01:19:50.021000,2025-06-28 15:07:28.823,12,,False,,False,False,,
131,0 days 01:26:45.009000,ANT,12,,17.0,6.0,,0 days 01:26:45.009000,16.339,35.075,,0 days 01:25:38.735000,0 days 01:26:13.798000,,319.0,179.0,,204.0,False,SOFT,2.0,True,Mercedes,0 days 01:25:22.359000,2025-06-28 15:13:01.161,1,,False,,False,False,,
132,0 days 00:19:23.236000,STR,18,,1.0,1.0,0 days 00:17:53.953000,,,37.091,23.915,,0 days 00:18:59.461000,0 days 00:19:23.236000,285.0,165.0,283.0,295.0,False,SOFT,1.0,True,Aston Martin,0 days 00:17:53.953000,2025-06-28 14:05:32.755,1,,False,,False,False,,
133,0 days 00:20:29.297000,STR,18,0 days 00:01:06.061000,2.0,1.0,,,16.648,29.564,19.849,0 days 00:19:39.884000,0 days 00:20:09.448000,0 days 00:20:29.297000,314.0,247.0,282.0,316.0,True,SOFT,2.0,True,Aston Martin,0 days 00:19:23.236000,2025-06-28 14:07:02.038,1,,False,,False,True,66.061,66.061
134,0 days 00:22:00.541000,STR,18,0 days 00:01:31.244000,3.0,1.0,,0 days 00:21:57.202000,20.749,38.648,31.847,0 days 00:20:50.046000,0 days 00:21:28.694000,0 days 00:22:00.541000,237.0,176.0,,201.0,False,SOFT,3.0,True,Aston Martin,0 days 00:20:29.297000,2025-06-28 14:08:08.099,1,,False,,False,False,91.244,91.244
135,0 days 00:25:47.577000,STR,18,,4.0,2.0,0 days 00:24:21.614000,,,39.427,24.335,,0 days 00:25:23.352000,0 days 00:25:47.868000,281.0,197.0,283.0,298.0,False,SOFT,1.0,True,Aston Martin,0 days 00:22:00.541000,2025-06-28 14:09:39.343,1,,False,,False,False,,
136,0 days 00:26:53.333000,STR,18,0 days 00:01:05.756000,5.0,2.0,,,16.585,29.331,19.84,0 days 00:26:04.162000,0 days 00:26:33.493000,0 days 00:26:53.333000,317.0,247.0,284.0,319.0,True,SOFT,2.0,True,Aston Martin,0 days 00:25:47.577000,2025-06-28 14:13:26.379,1,,False,,False,True,65.756,65.756
137,0 days 00:28:24.026000,STR,18,0 days 00:01:30.693000,6.0,2.0,,0 days 00:28:20.617000,21.135,39.689,29.869,0 days 00:27:14.468000,0 days 00:27:54.157000,0 days 00:28:24.026000,214.0,185.0,,249.0,False,SOFT,3.0,True,Aston Martin,0 days 00:26:53.333000,2025-06-28 14:14:32.135,1,,False,,False,False,90.693,90.693
138,0 days 00:33:16.403000,STR,18,,7.0,3.0,0 days 00:31:24.698000,,,38.567,24.314,,0 days 00:32:52.140000,0 days 00:33:16.520000,284.0,178.0,283.0,287.0,False,SOFT,1.0,True,Aston Martin,0 days 00:28:24.026000,2025-06-28 14:16:02.828,1,,False,,False,False,,
139,0 days 00:34:21.732000,STR,18,0 days 00:01:05.329000,8.0,3.0,,,16.508,29.036,19.785,0 days 00:33:32.911000,0 days 00:34:01.947000,0 days 00:34:21.732000,317.0,249.0,283.0,319.0,True,SOFT,2.0,True,Aston Martin,0 days 00:33:16.403000,2025-06-28 14:20:55.205,1,,False,,False,True,65.329,65.329
140,0 days 00:35:51.806000,STR,18,0 days 00:01:30.074000,9.0,3.0,,0 days 00:35:48.473000,22.017,39.79,28.267,0 days 00:34:43.749000,0 days 00:35:23.539000,0 days 00:35:51.806000,259.0,124.0,,239.0,False,SOFT,3.0,True,Aston Martin,0 days 00:34:21.732000,2025-06-28 14:22:00.534,1,,False,,False,False,90.074,90.074
141,0 days 00:23:56.243000,TSU,22,,1.0,1.0,0 days 00:22:12.525000,,,40.458,22.25,,0 days 00:23:33.993000,0 days 00:23:56.399000,244.0,194.0,286.0,245.0,False,SOFT,1.0,True,Red Bull Racing,0 days 00:22:12.525000,2025-06-28 14:09:51.327,1,,False,,False,False,,
142,0 days 00:25:01.629000,TSU,22,0 days 00:01:05.386000,2.0,1.0,,,16.527,29.047,19.812,0 days 00:24:12.770000,0 days 00:24:41.817000,0 days 00:25:01.629000,316.0,244.0,286.0,319.0,True,SOFT,2.0,True,Red Bull Racing,0 days 00:23:56.243000,2025-06-28 14:11:35.045,1,,False,,False,True,65.386,65.386
143,0 days 00:26:33.297000,TSU,22,0 days 00:01:31.668000,3.0,1.0,,0 days 00:26:30.036000,21.921,38.694,31.053,0 days 00:25:23.550000,0 days 00:26:02.244000,0 days 00:26:33.297000,232.0,184.0,,219.0,False,SOFT,3.0,True,Red Bull Racing,0 days 00:25:01.629000,2025-06-28 14:12:40.431,1,,False,,False,False,91.668,91.668
144,0 days 00:33:34.930000,TSU,22,,4.0,2.0,0 days 00:31:52.536000,,,41.733,21.853,,0 days 00:33:13.135000,0 days 00:33:35.237000,232.0,215.0,287.0,238.0,False,SOFT,1.0,True,Red Bull Racing,0 days 00:26:33.297000,2025-06-28 14:14:12.099,1,,False,,False,False,,
145,0 days 00:34:40.299000,TSU,22,0 days 00:01:05.369000,5.0,2.0,,,16.574,29.027,19.768,0 days 00:33:51.504000,0 days 00:34:20.531000,0 days 00:34:40.299000,319.0,248.0,287.0,321.0,True,SOFT,2.0,True,Red Bull Racing,0 days 00:33:34.930000,2025-06-28 14:21:13.732,1,,False,,False,True,65.369,65.369
146,0 days 00:36:33.026000,TSU,22,0 days 00:01:52.727000,6.0,2.0,,0 days 00:36:12.688000,26.329,40.498,45.9,0 days 00:35:06.628000,0 days 00:35:47.126000,0 days 00:36:33.026000,175.0,193.0,,223.0,False,SOFT,3.0,True,Red Bull Racing,0 days 00:34:40.299000,2025-06-28 14:22:19.101,1,,False,,False,False,112.727,112.727
147,0 days 00:21:43.953000,BOR,5,,1.0,2.0,0 days 00:20:19.720000,,,36.657,24.071,,0 days 00:21:19.908000,0 days 00:21:44.092000,276.0,197.0,283.0,257.0,False,SOFT,4.0,False,Kick Sauber,0 days 00:20:19.720000,2025-06-28 14:07:58.522,1,,False,,False,False,,
148,0 days 00:22:49.735000,BOR,5,0 days 00:01:05.782000,2.0,2.0,,,16.65,29.347,19.785,0 days 00:22:00.603000,0 days 00:22:29.950000,0 days 00:22:49.735000,313.0,244.0,282.0,318.0,True,SOFT,5.0,False,Kick Sauber,0 days 00:21:43.953000,2025-06-28 14:09:22.755,1,,False,,False,True,65.782,65.782
149,0 days 00:24:21.347000,BOR,5,0 days 00:01:31.612000,3.0,2.0,,0 days 00:24:18.014000,21.207,38.172,32.233,0 days 00:23:10.942000,0 days 00:23:49.114000,0 days 00:24:21.347000,216.0,197.0,,240.0,False,SOFT,6.0,False,Kick Sauber,0 days 00:22:49.735000,2025-06-28 14:10:28.537,1,,False,,False,False,91.612,91.612
150,0 days 00:28:28,BOR,5,,4.0,2.0,0 days 00:26:56.590000,,,39.706,24.241,,0 days 00:28:03.796000,0 days 00:28:28.242000,218.0,197.0,284.0,225.0,False,SOFT,7.0,False,Kick Sauber,0 days 00:24:21.347000,2025-06-28 14:12:00.149,1,,False,,False,False,,
151,0 days 00:29:33.273000,BOR,5,0 days 00:01:05.273000,5.0,2.0,,,16.657,28.881,19.735,0 days 00:28:44.657000,0 days 00:29:13.538000,0 days 00:29:33.273000,315.0,248.0,285.0,318.0,True,SOFT,8.0,False,Kick Sauber,0 days 00:28:28,2025-06-28 14:16:06.802,1,,False,,False,True,65.273,65.273
152,0 days 00:30:54.623000,BOR,5,0 days 00:01:21.350000,6.0,2.0,,0 days 00:30:51.153000,20.063,34.555,26.732,0 days 00:29:53.336000,0 days 00:30:27.891000,0 days 00:30:54.623000,134.0,224.0,,294.0,False,SOFT,9.0,False,Kick Sauber,0 days 00:29:33.273000,2025-06-28 14:17:12.075,1,,False,,False,False,81.35,81.35
153,0 days 00:34:32.330000,BOR,5,,7.0,3.0,0 days 00:32:58.171000,,,41.856,24.023,,0 days 00:34:08.423000,0 days 00:34:32.638000,251.0,85.0,283.0,138.0,False,SOFT,1.0,True,Kick Sauber,0 days 00:30:54.623000,2025-06-28 14:18:33.425,1,,False,,False,False,,
154,0 days 00:35:37.453000,BOR,5,0 days 00:01:05.123000,8.0,3.0,,,16.523,28.96,19.64,0 days 00:34:48.853000,0 days 00:35:17.813000,0 days 00:35:37.453000,317.0,245.0,284.0,319.0,True,SOFT,2.0,True,Kick Sauber,0 days 00:34:32.330000,2025-06-28 14:22:11.132,1,,False,,False,True,65.123,65.123
155,0 days 00:37:09.591000,BOR,5,0 days 00:01:32.138000,9.0,3.0,,0 days 00:37:06.360000,19.842,39.636,32.66,0 days 00:35:57.295000,0 days 00:36:36.931000,0 days 00:37:09.591000,243.0,159.0,,219.0,False,SOFT,3.0,True,Kick Sauber,0 days 00:35:37.453000,2025-06-28 14:23:16.255,1,,False,,False,False,92.138,92.138
156,0 days 00:47:40.766000,BOR,5,,10.0,4.0,0 days 00:46:09.697000,,,39.325,25.544,,0 days 00:47:15.281000,0 days 00:47:40.870000,247.0,187.0,283.0,167.0,False,SOFT,4.0,False,Kick Sauber,0 days 00:37:09.591000,2025-06-28 14:24:48.393,12,,False,,False,False,,
157,0 days 00:48:46.891000,BOR,5,0 days 00:01:06.125000,11.0,4.0,,,16.652,29.295,20.178,0 days 00:47:57.418000,0 days 00:48:26.713000,0 days 00:48:46.891000,311.0,243.0,284.0,317.0,True,SOFT,5.0,False,Kick Sauber,0 days 00:47:40.766000,2025-06-28 14:35:19.568,1,,False,,False,True,66.125,66.125
158,0 days 00:50:12.885000,BOR,5,0 days 00:01:25.994000,12.0,4.0,,0 days 00:50:09.542000,20.365,35.503,30.126,0 days 00:49:07.256000,0 days 00:49:42.759000,0 days 00:50:12.885000,275.0,219.0,,258.0,False,SOFT,6.0,False,Kick Sauber,0 days 00:48:46.891000,2025-06-28 14:36:25.693,1,,False,,False,False,85.994,85.994
159,0 days 01:02:51.917000,BOR,5,,13.0,5.0,0 days 01:01:25.079000,,,36.482,23.837,,0 days 01:02:28.080000,0 days 01:02:52.162000,281.0,208.0,285.0,281.0,False,SOFT,1.0,True,Kick Sauber,0 days 01:01:25.079000,2025-06-28 14:49:03.881,1,,False,,False,False,,
160,0 days 01:03:56.763000,BOR,5,0 days 00:01:04.846000,14.0,5.0,,,16.492,28.868,19.486,0 days 01:03:08.409000,0 days 01:03:37.277000,0 days 01:03:56.763000,318.0,249.0,286.0,318.0,True,SOFT,2.0,True,Kick Sauber,0 days 01:02:51.917000,2025-06-28 14:50:30.719,1,,False,,False,True,64.846,64.846
161,0 days 01:05:25.605000,BOR,5,0 days 00:01:28.842000,15.0,5.0,,0 days 01:05:22.464000,20.978,37.131,30.733,0 days 01:04:17.741000,0 days 01:04:54.872000,0 days 01:05:25.605000,246.0,219.0,,266.0,False,SOFT,3.0,True,Kick Sauber,0 days 01:03:56.763000,2025-06-28 14:51:35.565,1,,False,,False,False,88.842,88.842
162,0 days 01:18:09.362000,BOR,5,,16.0,6.0,0 days 01:16:38.869000,,,38.126,25.465,,0 days 01:17:43.957000,0 days 01:18:09.362000,259.0,186.0,282.0,246.0,False,SOFT,4.0,False,Kick Sauber,0 days 01:05:25.605000,2025-06-28 14:53:04.407,12,,False,,False,False,,
163,0 days 01:19:14.703000,BOR,5,0 days 00:01:05.341000,17.0,6.0,,,16.623,29.03,19.688,0 days 01:18:25.985000,0 days 01:18:55.015000,0 days 01:19:14.703000,314.0,247.0,283.0,319.0,True,SOFT,5.0,False,Kick Sauber,0 days 01:18:09.362000,2025-06-28 15:05:48.164,1,,False,,False,True,65.341,65.34100000000001
164,0 days 01:20:35.284000,BOR,5,0 days 00:01:20.581000,18.0,6.0,,0 days 01:20:31.858000,19.446,33.669,27.466,0 days 01:19:34.149000,0 days 01:20:07.818000,0 days 01:20:35.284000,260.0,219.0,,286.0,False,SOFT,6.0,False,Kick Sauber,0 days 01:19:14.703000,2025-06-28 15:06:53.505,1,,False,,False,False,80.581,80.58099999999999
165,0 days 01:25:16.653000,BOR,5,,19.0,7.0,0 days 01:23:28.426000,,,35.592,29.4,,0 days 01:24:47.393000,0 days 01:25:16.925000,284.0,203.0,284.0,273.0,False,SOFT,1.0,True,Kick Sauber,0 days 01:20:35.284000,2025-06-28 15:08:14.086,12,,False,,False,False,,
166,0 days 01:26:21.785000,BOR,5,0 days 00:01:05.132000,20.0,7.0,,,16.613,28.941,19.578,0 days 01:25:33.266000,0 days 01:26:02.207000,0 days 01:26:21.785000,315.0,248.0,285.0,316.0,True,SOFT,2.0,True,Kick Sauber,0 days 01:25:16.653000,2025-06-28 15:12:55.455,1,,False,,False,True,65.132,65.132
167,0 days 01:27:53.234000,BOR,5,,21.0,7.0,,0 days 01:27:53.234000,24.284,34.882,,0 days 01:26:46.072000,0 days 01:27:21.010000,,219.0,201.0,,242.0,False,SOFT,3.0,True,Kick Sauber,0 days 01:26:21.785000,2025-06-28 15:14:00.587,1,,False,,False,False,,
168,0 days 00:24:17.518000,LAW,30,,1.0,1.0,0 days 00:22:47.901000,,,40.096,24.786,,0 days 00:23:52.824000,0 days 00:24:17.596000,275.0,96.0,285.0,255.0,False,SOFT,1.0,True,Racing Bulls,0 days 00:22:47.901000,2025-06-28 14:10:26.703,1,,False,,False,False,,
169,0 days 00:25:22.918000,LAW,30,0 days 00:01:05.400000,2.0,1.0,,,16.661,29.024,19.715,0 days 00:24:34.179000,0 days 00:25:03.203000,0 days 00:25:22.918000,311.0,251.0,285.0,315.0,True,SOFT,2.0,True,Racing Bulls,0 days 00:24:17.518000,2025-06-28 14:11:56.320,1,,False,,False,True,65.4,65.4
170,0 days 00:27:05.602000,LAW,30,0 days 00:01:42.684000,3.0,1.0,,0 days 00:26:43.145000,19.61,34.54,48.534,0 days 00:25:42.528000,0 days 00:26:17.068000,0 days 00:27:05.602000,263.0,218.0,,262.0,False,SOFT,3.0,True,Racing Bulls,0 days 00:25:22.918000,2025-06-28 14:13:01.720,1,,False,,False,False,102.684,102.684
171,0 days 00:32:25.751000,LAW,30,,4.0,2.0,0 days 00:31:00.528000,,,38.067,24.551,,0 days 00:32:01.365000,0 days 00:32:25.983000,258.0,179.0,285.0,259.0,False,SOFT,1.0,True,Racing Bulls,0 days 00:27:05.602000,2025-06-28 14:14:44.404,1,,False,,False,False,,
172,0 days 00:33:30.768000,LAW,30,0 days 00:01:05.017000,5.0,2.0,,,16.579,28.839,19.599,0 days 00:32:42.330000,0 days 00:33:11.169000,0 days 00:33:30.768000,312.0,250.0,285.0,316.0,True,SOFT,2.0,True,Racing Bulls,0 days 00:32:25.751000,2025-06-28 14:20:04.553,1,,False,,False,True,65.017,65.017
173,0 days 00:35:09.055000,LAW,30,0 days 00:01:38.287000,6.0,2.0,,0 days 00:35:05.675000,24.938,43.993,29.356,0 days 00:33:55.706000,0 days 00:34:39.699000,0 days 00:35:09.055000,219.0,211.0,,159.0,False,SOFT,3.0,True,Racing Bulls,0 days 00:33:30.768000,2025-06-28 14:21:09.570,1,,False,,False,False,98.287,98.287
174,0 days 00:47:32.190000,LAW,30,,7.0,3.0,0 days 00:46:05.322000,,,38.559,24.489,,0 days 00:47:07.827000,0 days 00:47:32.265000,259.0,191.0,285.0,259.0,False,SOFT,1.0,True,Racing Bulls,0 days 00:35:09.055000,2025-06-28 14:22:47.857,12,,False,,False,False,,
175,0 days 00:48:37.438000,LAW,30,0 days 00:01:05.248000,8.0,3.0,,,16.531,28.971,19.746,0 days 00:47:48.721000,0 days 00:48:17.692000,0 days 00:48:37.438000,311.0,248.0,285.0,317.0,True,SOFT,2.0,True,Racing Bulls,0 days 00:47:32.190000,2025-06-28 14:35:10.992,1,,False,,False,True,65.248,65.24799999999999
176,0 days 00:50:07.253000,LAW,30,0 days 00:01:29.815000,9.0,3.0,,0 days 00:50:03.949000,22.705,37.903,29.207,0 days 00:49:00.143000,0 days 00:49:38.046000,0 days 00:50:07.253000,210.0,217.0,,248.0,False,SOFT,3.0,True,Racing Bulls,0 days 00:48:37.438000,2025-06-28 14:36:16.240,1,,False,,False,False,89.815,89.815
177,0 days 01:03:36.200000,LAW,30,,10.0,4.0,0 days 01:02:05.465000,,,37.576,23.889,,0 days 01:03:12.365000,0 days 01:03:36.381000,259.0,190.0,285.0,259.0,False,SOFT,1.0,True,Racing Bulls,0 days 01:02:05.465000,2025-06-28 14:49:44.267,1,,False,,False,False,,
178,0 days 01:04:41.241000,LAW,30,0 days 00:01:05.041000,11.0,4.0,,,16.493,29.045,19.503,0 days 01:03:52.693000,0 days 01:04:21.738000,0 days 01:04:41.241000,317.0,251.0,287.0,315.0,True,SOFT,2.0,True,Racing Bulls,0 days 01:03:36.200000,2025-06-28 14:51:15.002,1,,False,,False,True,65.041,65.041
179,0 days 01:06:13.131000,LAW,30,0 days 00:01:31.890000,12.0,4.0,,0 days 01:06:09.696000,22.546,39.44,29.904,0 days 01:05:03.787000,0 days 01:05:43.227000,0 days 01:06:13.131000,215.0,208.0,,254.0,False,SOFT,3.0,True,Racing Bulls,0 days 01:04:41.241000,2025-06-28 14:52:20.043,1,,False,,False,False,91.89,91.89
180,0 days 01:18:46.677000,LAW,30,,13.0,5.0,0 days 01:17:22.682000,,,39.483,23.84,,0 days 01:18:22.909000,0 days 01:18:46.984000,258.0,196.0,283.0,259.0,False,SOFT,4.0,False,Racing Bulls,0 days 01:06:13.131000,2025-06-28 14:53:51.933,12,,False,,False,False,,
181,0 days 01:20:00.888000,LAW,30,0 days 00:01:14.211000,14.0,5.0,,0 days 01:19:57.603000,16.659,28.943,28.609,0 days 01:19:03.336000,0 days 01:19:32.279000,0 days 01:20:00.888000,312.0,247.0,,317.0,False,SOFT,5.0,False,Racing Bulls,0 days 01:18:46.677000,2025-06-28 15:06:25.479,1,,False,,False,False,74.211,74.21100000000001
182,0 days 01:24:15.390000,LAW,30,,15.0,6.0,0 days 01:22:40.674000,,,38.101,23.896,,0 days 01:23:51.692000,0 days 01:24:15.598000,258.0,186.0,286.0,259.0,False,SOFT,1.0,True,Racing Bulls,0 days 01:20:00.888000,2025-06-28 15:07:39.690,1,,False,,False,False,,
183,0 days 01:25:20.316000,LAW,30,0 days 00:01:04.926000,16.0,6.0,,,16.526,28.839,19.561,0 days 01:24:31.916000,0 days 01:25:00.755000,0 days 01:25:20.316000,314.0,251.0,285.0,316.0,True,SOFT,2.0,True,Racing Bulls,0 days 01:24:15.390000,2025-06-28 15:11:54.192,12,,False,,False,True,64.926,64.92599999999999
184,0 days 01:26:51.540000,LAW,30,,17.0,6.0,,0 days 01:26:51.540000,24.79,35.706,,0 days 01:25:45.188000,0 days 01:26:20.891000,,220.0,182.0,,191.0,False,SOFT,3.0,True,Racing Bulls,0 days 01:25:20.316000,2025-06-28 15:12:59.118,1,,False,,False,False,,
185,0 days 00:19:29.409000,ALO,14,,1.0,2.0,0 days 00:17:57.828000,,,35.79,23.108,,0 days 00:19:06.389000,0 days 00:19:29.470000,283.0,196.0,285.0,296.0,False,SOFT,1.0,True,Aston Martin,0 days 00:17:57.828000,2025-06-28 14:05:36.630,1,,False,,False,False,,
186,0 days 00:20:48.493000,ALO,14,0 days 00:01:19.084000,2.0,2.0,,0 days 00:20:45.080000,18.74,32.603,27.741,0 days 00:19:48.149000,0 days 00:20:20.752000,0 days 00:20:48.493000,284.0,225.0,,295.0,False,SOFT,2.0,True,Aston Martin,0 days 00:19:29.409000,2025-06-28 14:07:08.211,1,,False,,False,False,79.084,79.084
187,0 days 00:25:04.743000,ALO,14,,3.0,2.0,0 days 00:23:20.588000,,,41.235,27.636,,0 days 00:24:37.289000,0 days 00:25:05.029000,288.0,193.0,286.0,293.0,False,SOFT,3.0,True,Aston Martin,0 days 00:20:48.493000,2025-06-28 14:08:27.295,1,,False,,False,False,,
188,0 days 00:26:10.634000,ALO,14,0 days 00:01:05.891000,4.0,2.0,,,16.587,29.459,19.845,0 days 00:25:21.330000,0 days 00:25:50.789000,0 days 00:26:10.634000,317.0,245.0,283.0,319.0,True,SOFT,4.0,True,Aston Martin,0 days 00:25:04.743000,2025-06-28 14:12:43.545,1,,False,,False,True,65.891,65.89099999999999
189,0 days 00:27:37.193000,ALO,14,0 days 00:01:26.559000,5.0,2.0,,0 days 00:27:33.868000,19.425,35.349,31.785,0 days 00:26:30.059000,0 days 00:27:05.408000,0 days 00:27:37.193000,235.0,189.0,,251.0,False,SOFT,5.0,True,Aston Martin,0 days 00:26:10.634000,2025-06-28 14:13:49.436,1,,False,,False,False,86.559,86.559
190,0 days 00:33:22.688000,ALO,14,,6.0,3.0,0 days 00:31:39.545000,,,36.243,28.202,,0 days 00:32:54.562000,0 days 00:33:22.967000,279.0,186.0,285.0,296.0,False,SOFT,1.0,True,Aston Martin,0 days 00:27:37.193000,2025-06-28 14:15:15.995,1,,False,,False,False,,
191,0 days 00:34:27.885000,ALO,14,0 days 00:01:05.197000,7.0,3.0,,,16.511,28.957,19.729,0 days 00:33:39.199000,0 days 00:34:08.156000,0 days 00:34:27.885000,318.0,246.0,284.0,320.0,True,SOFT,2.0,True,Aston Martin,0 days 00:33:22.688000,2025-06-28 14:21:01.490,1,,False,,False,True,65.197,65.197
192,0 days 00:36:04.565000,ALO,14,0 days 00:01:36.680000,8.0,3.0,,0 days 00:36:01.172000,20.425,41.884,34.371,0 days 00:34:48.310000,0 days 00:35:30.194000,0 days 00:36:04.565000,234.0,75.0,,217.0,False,SOFT,3.0,True,Aston Martin,0 days 00:34:27.885000,2025-06-28 14:22:06.687,1,,False,,False,False,96.68,96.68
193,0 days 00:48:30.167000,ALO,14,,9.0,4.0,0 days 00:46:54.312000,,,37.962,26.016,,0 days 00:48:04.323000,0 days 00:48:30.260000,276.0,189.0,285.0,285.0,False,SOFT,3.0,False,Aston Martin,0 days 00:36:04.565000,2025-06-28 14:23:43.367,12,,False,,False,False,,
194,0 days 00:49:36.281000,ALO,14,0 days 00:01:06.114000,10.0,4.0,,,16.611,29.464,20.039,0 days 00:48:46.778000,0 days 00:49:16.242000,0 days 00:49:36.281000,311.0,249.0,284.0,318.0,True,SOFT,4.0,False,Aston Martin,0 days 00:48:30.167000,2025-06-28 14:36:08.969,1,,False,,False,True,66.114,66.114
195,0 days 00:51:16.388000,ALO,14,0 days 00:01:40.107000,11.0,4.0,,0 days 00:50:55.088000,19.168,34.364,46.575,0 days 00:49:55.449000,0 days 00:50:29.813000,0 days 00:51:16.388000,208.0,208.0,,222.0,False,SOFT,5.0,False,Aston Martin,0 days 00:49:36.281000,2025-06-28 14:37:15.083,1,,False,,False,False,100.107,100.107
196,0 days 01:03:51.771000,ALO,14,,12.0,5.0,0 days 01:02:16.059000,,,39.572,32.006,,0 days 01:03:19.912000,0 days 01:03:52.146000,286.0,165.0,286.0,295.0,False,SOFT,1.0,True,Aston Martin,0 days 01:02:16.059000,2025-06-28 14:49:54.861,1,,False,,False,False,,
197,0 days 01:04:56.899000,ALO,14,0 days 00:01:05.128000,13.0,5.0,,,16.494,29.038,19.596,0 days 01:04:08.265000,0 days 01:04:37.303000,0 days 01:04:56.899000,319.0,249.0,285.0,316.0,True,SOFT,2.0,True,Aston Martin,0 days 01:03:51.771000,2025-06-28 14:51:30.573,1,,False,,False,True,65.128,65.128
198,0 days 01:06:29.583000,ALO,14,0 days 00:01:32.684000,14.0,5.0,,0 days 01:06:26.259000,21.907,40.453,30.324,0 days 01:05:18.806000,0 days 01:05:59.259000,0 days 01:06:29.583000,177.0,174.0,,181.0,False,SOFT,3.0,True,Aston Martin,0 days 01:04:56.899000,2025-06-28 14:52:35.701,1,,False,,False,False,92.684,92.684
199,0 days 00:21:37.438000,HUL,27,,1.0,1.0,0 days 00:20:15.408000,,,38.595,23.851,,0 days 00:21:13.658000,0 days 00:21:37.497000,252.0,179.0,283.0,278.0,False,SOFT,1.0,True,Kick Sauber,0 days 00:20:15.408000,2025-06-28 14:07:54.210,1,,False,,False,False,,
200,0 days 00:22:43.119000,HUL,27,0 days 00:01:05.681000,2.0,1.0,,,16.711,29.087,19.883,0 days 00:21:54.149000,0 days 00:22:23.236000,0 days 00:22:43.119000,312.0,245.0,277.0,316.0,True,SOFT,2.0,True,Kick Sauber,0 days 00:21:37.438000,2025-06-28 14:09:16.240,1,,False,,False,True,65.681,65.681
201,0 days 00:24:32.955000,HUL,27,0 days 00:01:49.836000,3.0,1.0,,0 days 00:24:10.974000,19.669,39.777,50.39,0 days 00:23:02.788000,0 days 00:23:42.565000,0 days 00:24:32.955000,215.0,179.0,,188.0,False,SOFT,3.0,True,Kick Sauber,0 days 00:22:43.119000,2025-06-28 14:10:21.921,1,,False,,False,False,109.836,109.836
202,0 days 00:28:17.146000,HUL,27,,4.0,2.0,0 days 00:26:51.958000,,,39.579,24.481,,0 days 00:27:52.796000,0 days 00:28:17.460000,235.0,181.0,285.0,247.0,False,SOFT,4.0,False,Kick Sauber,0 days 00:24:32.955000,2025-06-28 14:12:11.757,1,,False,,False,False,,
203,0 days 00:29:22.752000,HUL,27,0 days 00:01:05.606000,5.0,2.0,,,16.581,29.067,19.958,0 days 00:28:33.727000,0 days 00:29:02.794000,0 days 00:29:22.752000,314.0,244.0,283.0,316.0,True,SOFT,5.0,False,Kick Sauber,0 days 00:28:17.146000,2025-06-28 14:15:55.948,1,,False,,False,True,65.606,65.606
204,0 days 00:30:41.854000,HUL,27,0 days 00:01:19.102000,6.0,2.0,,0 days 00:30:38.410000,18.124,31.906,29.072,0 days 00:29:40.876000,0 days 00:30:12.782000,0 days 00:30:41.854000,286.0,231.0,,287.0,False,SOFT,6.0,False,Kick Sauber,0 days 00:29:22.752000,2025-06-28 14:17:01.554,1,,False,,False,False,79.102,79.102
205,0 days 00:33:51.398000,HUL,27,,7.0,3.0,0 days 00:32:16.554000,,,36.674,26.102,,0 days 00:33:25.296000,0 days 00:33:51.669000,158.0,201.0,286.0,280.0,False,SOFT,1.0,True,Kick Sauber,0 days 00:30:41.854000,2025-06-28 14:18:20.656,1,,False,,False,False,,
206,0 days 00:34:57.173000,HUL,27,0 days 00:01:05.775000,8.0,3.0,,,16.479,29.455,19.841,0 days 00:34:07.877000,0 days 00:34:37.332000,0 days 00:34:57.173000,315.0,249.0,284.0,319.0,False,SOFT,2.0,True,Kick Sauber,0 days 00:33:51.398000,2025-06-28 14:21:30.200,1,,False,,False,True,65.775,65.775
207,0 days 00:36:27.970000,HUL,27,0 days 00:01:30.797000,9.0,3.0,,0 days 00:36:24.626000,21.319,38.404,31.074,0 days 00:35:18.492000,0 days 00:35:56.896000,0 days 00:36:27.970000,195.0,190.0,,209.0,False,SOFT,3.0,True,Kick Sauber,0 days 00:34:57.173000,2025-06-28 14:22:35.975,1,,False,,False,False,90.797,90.797
208,0 days 00:19:11.899000,ALB,23,,1.0,3.0,0 days 00:17:50.969000,,,35.851,23.407,,0 days 00:18:48.492000,0 days 00:19:11.902000,300.0,193.0,283.0,304.0,False,SOFT,1.0,True,Williams,0 days 00:17:50.969000,2025-06-28 14:05:29.771,1,,False,,False,False,,
209,0 days 00:20:17.914000,ALB,23,0 days 00:01:06.015000,2.0,3.0,,,16.681,29.351,19.983,0 days 00:19:28.580000,0 days 00:19:57.931000,0 days 00:20:17.914000,311.0,235.0,282.0,315.0,True,SOFT,2.0,True,Williams,0 days 00:19:11.899000,2025-06-28 14:06:50.701,1,,False,,False,True,66.015,66.015
210,0 days 00:22:16.001000,ALB,23,0 days 00:01:58.087000,3.0,3.0,,0 days 00:21:51.540000,24.045,38.721,55.321,0 days 00:20:41.959000,0 days 00:21:20.680000,0 days 00:22:16.001000,205.0,163.0,,278.0,False,SOFT,3.0,True,Williams,0 days 00:20:17.914000,2025-06-28 14:07:56.716,1,,False,,False,False,118.087,118.08699999999999
211,0 days 00:24:59.402000,ALB,23,,4.0,3.0,0 days 00:23:12.151000,,94.786,43.564,25.017,0 days 00:23:50.940000,0 days 00:24:34.396000,0 days 00:24:59.628000,250.0,199.0,284.0,283.0,False,SOFT,4.0,True,Williams,0 days 00:22:16.001000,2025-06-28 14:09:54.803,1,,False,,False,False,,163.367
212,0 days 00:26:05.212000,ALB,23,0 days 00:01:05.810000,5.0,3.0,,,16.72,29.211,19.879,0 days 00:25:16.122000,0 days 00:25:45.333000,0 days 00:26:05.212000,316.0,246.0,283.0,317.0,True,SOFT,5.0,True,Williams,0 days 00:24:59.402000,2025-06-28 14:12:38.204,1,,False,,False,True,65.81,65.81
213,0 days 00:27:36.071000,ALB,23,0 days 00:01:30.859000,6.0,3.0,,0 days 00:27:32.338000,19.164,38.462,33.233,0 days 00:26:24.376000,0 days 00:27:02.838000,0 days 00:27:36.071000,260.0,163.0,,251.0,False,SOFT,6.0,True,Williams,0 days 00:26:05.212000,2025-06-28 14:13:44.014,1,,False,,False,False,90.859,90.85900000000001
214,0 days 00:29:38.005000,ALB,23,0 days 00:02:01.934000,7.0,3.0,0 days 00:28:09.029000,,60.441,39.572,21.921,0 days 00:28:36.512000,0 days 00:29:16.084000,0 days 00:29:38.005000,305.0,209.0,286.0,303.0,False,SOFT,7.0,True,Williams,0 days 00:27:36.071000,2025-06-28 14:15:14.873,1,,False,,False,False,121.934,121.934
215,0 days 00:30:43.148000,ALB,23,0 days 00:01:05.143000,8.0,3.0,,,16.395,28.779,19.969,0 days 00:29:54.400000,0 days 00:30:23.179000,0 days 00:30:43.148000,316.0,250.0,284.0,319.0,True,SOFT,8.0,True,Williams,0 days 00:29:38.005000,2025-06-28 14:17:16.807,1,,False,,False,True,65.143,65.143
216,0 days 00:32:05.620000,ALB,23,0 days 00:01:22.472000,9.0,3.0,,0 days 00:32:02.344000,20.485,35.702,26.285,0 days 00:31:03.633000,0 days 00:31:39.335000,0 days 00:32:05.620000,222.0,195.0,,257.0,False,SOFT,9.0,True,Williams,0 days 00:30:43.148000,2025-06-28 14:18:21.950,1,,False,,False,False,82.472,82.472
217,0 days 00:35:10.987000,ALB,23,,10.0,4.0,0 days 00:33:39.810000,0 days 00:35:07.394000,,36.635,30.483,,0 days 00:34:40.576000,0 days 00:35:10.987000,205.0,183.0,,302.0,False,SOFT,4.0,False,Williams,0 days 00:32:05.620000,2025-06-28 14:19:44.422,1,,False,,False,False,,
218,0 days 00:44:08.443000,ALB,23,,11.0,5.0,0 days 00:42:50.106000,,,36.469,22.189,,0 days 00:43:46.372000,0 days 00:44:08.524000,300.0,214.0,284.0,302.0,False,SOFT,5.0,False,Williams,0 days 00:35:10.987000,2025-06-28 14:22:49.789,12,,False,,False,False,,
219,0 days 00:45:14.513000,ALB,23,0 days 00:01:06.070000,12.0,5.0,,,16.647,29.474,19.949,0 days 00:44:25.090000,0 days 00:44:54.564000,0 days 00:45:14.513000,312.0,244.0,282.0,313.0,True,SOFT,6.0,False,Williams,0 days 00:44:08.443000,2025-06-28 14:31:47.245,1,,False,,False,True,66.07,66.07
220,0 days 00:46:31.817000,ALB,23,0 days 00:01:17.304000,13.0,5.0,,0 days 00:46:28.522000,18.266,33.196,25.842,0 days 00:45:32.779000,0 days 00:46:05.975000,0 days 00:46:31.817000,268.0,212.0,,268.0,False,SOFT,7.0,False,Williams,0 days 00:45:14.513000,2025-06-28 14:32:53.315,1,,False,,False,False,77.304,77.304
221,0 days 00:50:56.885000,ALB,23,,14.0,6.0,0 days 00:49:41.076000,,,34.544,21.739,,0 days 00:50:35.190000,0 days 00:50:57.056000,303.0,223.0,284.0,308.0,False,SOFT,1.0,True,Williams,0 days 00:46:31.817000,2025-06-28 14:34:10.619,1,,False,,False,False,,
222,0 days 01:03:23.865000,ALB,23,,15.0,6.0,,0 days 00:52:35.994000,16.556,,,0 days 00:51:13.417000,,,314.0,,,316.0,False,SOFT,2.0,True,Williams,0 days 00:50:56.885000,2025-06-28 14:38:35.687,15,,False,,False,False,,
223,0 days 01:04:52.602000,ALB,23,,16.0,7.0,0 days 01:03:23.865000,,,35.548,23.643,,0 days 01:04:28.959000,0 days 01:04:52.914000,189.0,219.0,285.0,284.0,False,SOFT,3.0,False,Williams,0 days 01:03:23.865000,2025-06-28 14:51:02.667,1,,False,,False,False,,
224,0 days 01:05:57.807000,ALB,23,0 days 00:01:05.205000,17.0,7.0,,,16.445,29.025,19.735,0 days 01:05:09.047000,0 days 01:05:38.072000,0 days 01:05:57.807000,315.0,244.0,285.0,316.0,True,SOFT,4.0,False,Williams,0 days 01:04:52.602000,2025-06-28 14:52:31.404,1,,False,,False,True,65.205,65.205
225,0 days 01:07:29.312000,ALB,23,0 days 00:01:31.505000,18.0,7.0,,0 days 01:07:25.976000,21.758,41.592,28.155,0 days 01:06:19.565000,0 days 01:07:01.157000,0 days 01:07:29.312000,212.0,170.0,,192.0,False,SOFT,5.0,False,Williams,0 days 01:05:57.807000,2025-06-28 14:53:36.609,1,,False,,False,False,91.505,91.505
226,0 days 00:19:40.524000,SAI,55,,1.0,1.0,0 days 00:18:00.835000,,,35.827,22.881,,0 days 00:19:17.783000,0 days 00:19:40.751000,300.0,220.0,284.0,305.0,False,SOFT,1.0,True,Williams,0 days 00:18:00.835000,2025-06-28 14:05:39.637,1,,False,,False,False,,
227,0 days 00:20:46.695000,SAI,55,0 days 00:01:06.171000,2.0,1.0,,,16.668,29.598,19.905,0 days 00:19:57.192000,0 days 00:20:26.790000,0 days 00:20:46.695000,312.0,244.0,281.0,316.0,True,SOFT,2.0,True,Williams,0 days 00:19:40.524000,2025-06-28 14:07:19.326,1,,False,,False,True,66.171,66.17099999999999
228,0 days 00:22:30.934000,SAI,55,0 days 00:01:44.239000,3.0,1.0,,0 days 00:22:25.791000,28.802,36.399,39.038,0 days 00:21:15.497000,0 days 00:21:51.896000,0 days 00:22:30.934000,209.0,189.0,,275.0,False,SOFT,3.0,True,Williams,0 days 00:20:46.695000,2025-06-28 14:08:25.497,1,,False,,False,False,104.239,104.23899999999999
229,0 days 00:24:55.078000,SAI,55,0 days 00:02:24.144000,4.0,2.0,0 days 00:23:05.541000,,75.234,38.48,30.43,0 days 00:23:46.168000,0 days 00:24:24.648000,0 days 00:24:55.078000,144.0,200.0,284.0,290.0,False,SOFT,4.0,False,Williams,0 days 00:22:30.934000,2025-06-28 14:10:09.736,1,,False,,False,False,144.144,144.144
230,0 days 00:26:00.977000,SAI,55,0 days 00:01:05.899000,5.0,2.0,,,16.688,29.281,19.93,0 days 00:25:11.766000,0 days 00:25:41.047000,0 days 00:26:00.977000,312.0,246.0,282.0,315.0,True,SOFT,5.0,False,Williams,0 days 00:24:55.078000,2025-06-28 14:12:33.880,1,,False,,False,True,65.899,65.899
231,0 days 00:27:23.616000,SAI,55,0 days 00:01:22.639000,6.0,2.0,,0 days 00:27:20.355000,19.824,35.146,27.669,0 days 00:26:20.801000,0 days 00:26:55.947000,0 days 00:27:23.616000,258.0,200.0,,286.0,False,SOFT,6.0,False,Williams,0 days 00:26:00.977000,2025-06-28 14:13:39.779,1,,False,,False,False,82.639,82.639
232,0 days 00:29:30.645000,SAI,55,0 days 00:02:07.029000,7.0,3.0,0 days 00:27:47.530000,,60.439,39.781,26.809,0 days 00:28:24.055000,0 days 00:29:03.836000,0 days 00:29:30.645000,299.0,88.0,284.0,304.0,False,SOFT,1.0,True,Williams,0 days 00:27:23.616000,2025-06-28 14:15:02.418,1,,False,,False,False,127.029,127.029
233,0 days 00:30:36.227000,SAI,55,0 days 00:01:05.582000,8.0,3.0,,,16.515,29.13,19.937,0 days 00:29:47.160000,0 days 00:30:16.290000,0 days 00:30:36.227000,314.0,244.0,284.0,317.0,True,SOFT,2.0,True,Williams,0 days 00:29:30.645000,2025-06-28 14:17:09.447,1,,False,,False,True,65.582,65.582
234,0 days 00:31:55.299000,SAI,55,0 days 00:01:19.072000,9.0,3.0,,0 days 00:31:51.911000,20.167,32.942,25.963,0 days 00:30:56.394000,0 days 00:31:29.336000,0 days 00:31:55.299000,277.0,211.0,,287.0,False,SOFT,3.0,True,Williams,0 days 00:30:36.227000,2025-06-28 14:18:15.029,1,,False,,False,False,79.072,79.072
235,0 days 00:34:55.802000,SAI,55,,10.0,4.0,0 days 00:33:17.095000,,,41.624,23.741,,0 days 00:34:32.107000,0 days 00:34:56.019000,230.0,113.0,286.0,296.0,False,SOFT,1.0,True,Williams,0 days 00:31:55.299000,2025-06-28 14:19:34.101,1,,False,,False,False,,
236,0 days 00:36:01.647000,SAI,55,0 days 00:01:05.845000,11.0,4.0,,,16.464,29.303,20.078,0 days 00:35:12.266000,0 days 00:35:41.569000,0 days 00:36:01.647000,314.0,240.0,284.0,317.0,False,SOFT,2.0,True,Williams,0 days 00:34:55.802000,2025-06-28 14:22:34.604,1,,False,,False,True,65.845,65.845
237,0 days 00:37:32.647000,SAI,55,0 days 00:01:31,12.0,4.0,,0 days 00:37:29.319000,23.526,37.474,30.0,0 days 00:36:25.173000,0 days 00:37:02.647000,0 days 00:37:32.647000,213.0,177.0,,230.0,False,SOFT,3.0,True,Williams,0 days 00:36:01.647000,2025-06-28 14:23:40.449,1,,False,,False,False,91.0,91.0
238,0 days 00:19:54.090000,BEA,87,,1.0,1.0,0 days 00:18:10.116000,,,36.904,24.39,,0 days 00:19:29.829000,0 days 00:19:54.126000,269.0,192.0,283.0,286.0,False,SOFT,1.0,True,Haas F1 Team,0 days 00:18:10.116000,2025-06-28 14:05:48.918,1,,False,,False,False,,
239,0 days 00:21:00.880000,BEA,87,0 days 00:01:06.790000,2.0,1.0,,,16.686,29.71,20.394,0 days 00:20:10.776000,0 days 00:20:40.486000,0 days 00:21:00.880000,312.0,206.0,279.0,318.0,True,SOFT,2.0,True,Haas F1 Team,0 days 00:19:54.090000,2025-06-28 14:07:32.892,1,,False,,False,True,66.79,66.78999999999999
240,0 days 00:22:34.470000,BEA,87,0 days 00:01:33.590000,3.0,1.0,,0 days 00:22:30.854000,24.937,39.171,29.482,0 days 00:21:25.817000,0 days 00:22:04.988000,0 days 00:22:34.470000,214.0,195.0,,239.0,False,SOFT,3.0,True,Haas F1 Team,0 days 00:21:00.880000,2025-06-28 14:08:39.682,1,,False,,False,False,93.59,93.59
241,0 days 00:25:41.940000,BEA,87,,4.0,2.0,0 days 00:24:08.927000,,,39.007,25.326,,0 days 00:25:16.614000,0 days 00:25:42.212000,272.0,191.0,284.0,225.0,False,SOFT,4.0,False,Haas F1 Team,0 days 00:22:34.470000,2025-06-28 14:10:13.272,1,,False,,False,False,,
242,0 days 00:26:47.800000,BEA,87,0 days 00:01:05.860000,5.0,2.0,,,16.635,29.327,19.898,0 days 00:25:58.575000,0 days 00:26:27.902000,0 days 00:26:47.800000,313.0,245.0,283.0,316.0,True,SOFT,5.0,False,Haas F1 Team,0 days 00:25:41.940000,2025-06-28 14:13:20.742,1,,False,,False,True,65.86,65.86
243,0 days 00:28:10.693000,BEA,87,0 days 00:01:22.893000,6.0,2.0,,0 days 00:28:07.343000,18.582,35.872,28.439,0 days 00:27:06.382000,0 days 00:27:42.254000,0 days 00:28:10.693000,275.0,198.0,,286.0,False,SOFT,6.0,False,Haas F1 Team,0 days 00:26:47.800000,2025-06-28 14:14:26.602,1,,False,,False,False,82.893,82.893
244,0 days 00:33:08.017000,BEA,87,,7.0,3.0,0 days 00:31:20.715000,,,37.439,23.834,,0 days 00:32:44.249000,0 days 00:33:08.333000,256.0,184.0,283.0,270.0,False,SOFT,1.0,True,Haas F1 Team,0 days 00:28:10.693000,2025-06-28 14:15:49.495,1,,False,,False,False,,
245,0 days 00:34:13.235000,BEA,87,0 days 00:01:05.218000,8.0,3.0,,,16.553,28.878,19.787,0 days 00:33:24.570000,0 days 00:33:53.448000,0 days 00:34:13.235000,315.0,245.0,284.0,318.0,True,SOFT,2.0,True,Haas F1 Team,0 days 00:33:08.017000,2025-06-28 14:20:46.819,1,,False,,False,True,65.218,65.21799999999999
246,0 days 00:35:44.086000,BEA,87,0 days 00:01:30.851000,9.0,3.0,,0 days 00:35:40.689000,22.523,38.237,30.091,0 days 00:34:35.758000,0 days 00:35:13.995000,0 days 00:35:44.086000,212.0,205.0,,248.0,False,SOFT,3.0,True,Haas F1 Team,0 days 00:34:13.235000,2025-06-28 14:21:52.037,1,,False,,False,False,90.851,90.851
247,0 days 00:47:45.620000,BEA,87,,10.0,4.0,0 days 00:46:12.397000,,,37.651,24.951,,0 days 00:47:20.765000,0 days 00:47:45.663000,276.0,184.0,283.0,265.0,False,SOFT,4.0,False,Haas F1 Team,0 days 00:35:44.086000,2025-06-28 14:23:22.888,12,,False,,False,False,,
248,0 days 00:48:51.733000,BEA,87,0 days 00:01:06.113000,11.0,4.0,,,16.752,29.263,20.098,0 days 00:48:02.372000,0 days 00:48:31.635000,0 days 00:48:51.733000,309.0,228.0,284.0,317.0,True,SOFT,5.0,False,Haas F1 Team,0 days 00:47:45.620000,2025-06-28 14:35:24.422,1,,False,,False,True,66.113,66.113
249,0 days 00:50:14.666000,BEA,87,0 days 00:01:22.933000,12.0,4.0,,0 days 00:50:11.339000,19.201,36.098,27.634,0 days 00:49:10.934000,0 days 00:49:47.032000,0 days 00:50:14.666000,283.0,208.0,,282.0,False,SOFT,6.0,False,Haas F1 Team,0 days 00:48:51.733000,2025-06-28 14:36:30.535,1,,False,,False,False,82.933,82.93299999999999
250,0 days 01:02:44.256000,BEA,87,,13.0,5.0,0 days 01:01:17.218000,,,35.977,24.76,,0 days 01:02:19.586000,0 days 01:02:44.490000,264.0,211.0,284.0,286.0,False,SOFT,1.0,True,Haas F1 Team,0 days 01:01:17.218000,2025-06-28 14:48:56.020,1,,False,,False,False,,
251,0 days 01:03:49.568000,BEA,87,0 days 00:01:05.312000,14.0,5.0,,,16.544,29.127,19.641,0 days 01:03:00.800000,0 days 01:03:29.927000,0 days 01:03:49.568000,317.0,246.0,284.0,317.0,True,SOFT,2.0,True,Haas F1 Team,0 days 01:02:44.256000,2025-06-28 14:50:23.058,1,,False,,False,True,65.312,65.312
252,0 days 01:05:22.162000,BEA,87,0 days 00:01:32.594000,15.0,5.0,,0 days 01:05:18.775000,23.938,36.549,32.107,0 days 01:04:13.506000,0 days 01:04:50.055000,0 days 01:05:22.162000,177.0,220.0,,274.0,False,SOFT,3.0,True,Haas F1 Team,0 days 01:03:49.568000,2025-06-28 14:51:28.370,1,,False,,False,False,92.594,92.594
253,0 days 00:20:07.548000,GAS,10,,1.0,2.0,0 days 00:18:42.804000,,,37.22,24.024,,0 days 00:19:43.626000,0 days 00:20:07.548000,251.0,189.0,284.0,292.0,False,SOFT,1.0,True,Alpine,0 days 00:18:42.804000,2025-06-28 14:06:21.606,1,,False,,False,False,,
254,0 days 00:21:13.812000,GAS,10,0 days 00:01:06.264000,2.0,2.0,,,16.741,29.523,20.0,0 days 00:20:24.289000,0 days 00:20:53.812000,0 days 00:21:13.812000,313.0,233.0,283.0,316.0,True,SOFT,2.0,True,Alpine,0 days 00:20:07.548000,2025-06-28 14:07:46.350,1,,False,,False,True,66.264,66.264
255,0 days 00:22:44.726000,GAS,10,0 days 00:01:30.914000,3.0,2.0,,0 days 00:22:40.291000,20.307,37.198,33.409,0 days 00:21:34.119000,0 days 00:22:11.317000,0 days 00:22:44.726000,267.0,191.0,,262.0,False,SOFT,3.0,True,Alpine,0 days 00:21:13.812000,2025-06-28 14:08:52.614,1,,False,,False,False,90.914,90.91399999999999
256,0 days 00:26:45.169000,GAS,10,,4.0,2.0,0 days 00:25:19.006000,,,37.452,25.202,,0 days 00:26:19.967000,0 days 00:26:45.427000,228.0,207.0,285.0,286.0,False,SOFT,4.0,True,Alpine,0 days 00:22:44.726000,2025-06-28 14:10:23.528,1,,False,,False,False,,
257,0 days 00:27:50.461000,GAS,10,0 days 00:01:05.292000,5.0,2.0,,,16.527,29.073,19.692,0 days 00:27:01.696000,0 days 00:27:30.769000,0 days 00:27:50.461000,315.0,245.0,286.0,317.0,True,SOFT,5.0,True,Alpine,0 days 00:26:45.169000,2025-06-28 14:14:23.971,1,,False,,False,True,65.292,65.292
258,0 days 00:29:38.556000,GAS,10,0 days 00:01:48.095000,6.0,2.0,,0 days 00:29:17.037000,20.351,37.903,49.841,0 days 00:28:10.812000,0 days 00:28:48.715000,0 days 00:29:38.556000,265.0,181.0,,245.0,False,SOFT,6.0,True,Alpine,0 days 00:27:50.461000,2025-06-28 14:15:29.263,1,,False,,False,False,108.095,108.095
259,0 days 00:34:05.152000,GAS,10,,7.0,3.0,0 days 00:32:23.389000,,,38.596,23.743,,0 days 00:33:41.409000,0 days 00:34:05.333000,225.0,194.0,284.0,288.0,False,SOFT,4.0,False,Alpine,0 days 00:29:38.556000,2025-06-28 14:17:17.358,1,,False,,False,False,,
260,0 days 00:35:10.206000,GAS,10,0 days 00:01:05.054000,8.0,3.0,,,16.527,28.909,19.618,0 days 00:34:21.679000,0 days 00:34:50.588000,0 days 00:35:10.206000,315.0,247.0,287.0,318.0,True,SOFT,5.0,False,Alpine,0 days 00:34:05.152000,2025-06-28 14:21:43.954,1,,False,,False,True,65.054,65.054
261,0 days 00:36:45.319000,GAS,10,0 days 00:01:35.113000,9.0,3.0,,0 days 00:36:41.219000,23.496,39.122,32.495,0 days 00:35:33.702000,0 days 00:36:12.824000,0 days 00:36:45.319000,219.0,172.0,,226.0,False,SOFT,6.0,False,Alpine,0 days 00:35:10.206000,2025-06-28 14:22:49.008,1,,False,,False,False,95.113,95.113
262,0 days 00:47:57.187000,GAS,10,,10.0,4.0,0 days 00:46:19.158000,,,38.251,23.925,,0 days 00:47:33.406000,0 days 00:47:57.224000,238.0,195.0,285.0,285.0,False,SOFT,4.0,False,Alpine,0 days 00:36:45.319000,2025-06-28 14:24:24.121,12,,False,,False,False,,
263,0 days 00:49:02.904000,GAS,10,0 days 00:01:05.717000,11.0,4.0,,,16.629,29.101,19.987,0 days 00:48:13.816000,0 days 00:48:42.917000,0 days 00:49:02.904000,312.0,242.0,286.0,318.0,True,SOFT,5.0,False,Alpine,0 days 00:47:57.187000,2025-06-28 14:35:35.989,1,,False,,False,True,65.717,65.717
264,0 days 00:50:35.634000,GAS,10,0 days 00:01:32.730000,12.0,4.0,,0 days 00:50:32.199000,21.669,40.608,30.453,0 days 00:49:24.573000,0 days 00:50:05.181000,0 days 00:50:35.634000,229.0,193.0,,256.0,False,SOFT,6.0,False,Alpine,0 days 00:49:02.904000,2025-06-28 14:36:41.706,1,,False,,False,False,92.73,92.73
265,0 days 01:04:38.996000,GAS,10,,13.0,5.0,0 days 01:02:56.287000,,,39.16,23.021,,0 days 01:04:16.054000,0 days 01:04:39.195000,244.0,201.0,286.0,282.0,False,SOFT,1.0,True,Alpine,0 days 01:02:56.287000,2025-06-28 14:50:35.089,1,,False,,False,False,,
266,0 days 01:05:43.842000,GAS,10,0 days 00:01:04.846000,14.0,5.0,,,16.461,28.813,19.572,0 days 01:04:55.457000,0 days 01:05:24.270000,0 days 01:05:43.842000,317.0,247.0,287.0,317.0,True,SOFT,2.0,True,Alpine,0 days 01:04:38.996000,2025-06-28 14:52:17.798,1,,False,,False,True,64.846,64.846
267,0 days 01:07:18.218000,GAS,10,0 days 00:01:34.376000,15.0,5.0,,0 days 01:07:14.509000,23.516,37.635,33.225,0 days 01:06:07.358000,0 days 01:06:44.993000,0 days 01:07:18.218000,208.0,179.0,,258.0,False,SOFT,3.0,True,Alpine,0 days 01:05:43.842000,2025-06-28 14:53:22.644,1,,False,,False,False,94.376,94.376
268,0 days 01:17:08.453000,GAS,10,,16.0,6.0,0 days 01:15:41.838000,,,37.436,24.147,,0 days 01:16:44.306000,0 days 01:17:08.541000,239.0,186.0,283.0,285.0,False,SOFT,4.0,False,Alpine,0 days 01:07:18.218000,2025-06-28 14:54:57.020,12,,False,,False,False,,
269,0 days 01:18:14.102000,GAS,10,0 days 00:01:05.649000,17.0,6.0,,,16.56,29.314,19.775,0 days 01:17:25.013000,0 days 01:17:54.327000,0 days 01:18:14.102000,313.0,242.0,285.0,319.0,True,SOFT,5.0,False,Alpine,0 days 01:17:08.453000,2025-06-28 15:04:47.255,1,,False,,False,True,65.649,65.649
270,0 days 01:19:45.742000,GAS,10,0 days 00:01:31.640000,18.0,6.0,,0 days 01:19:41.791000,19.33,38.146,34.164,0 days 01:18:33.432000,0 days 01:19:11.578000,0 days 01:19:45.742000,270.0,189.0,,265.0,False,SOFT,6.0,False,Alpine,0 days 01:18:14.102000,2025-06-28 15:05:52.904,1,,False,,False,False,91.64,91.64
271,0 days 01:23:53.482000,GAS,10,,19.0,7.0,0 days 01:22:23.596000,,,38.115,24.103,,0 days 01:23:29.379000,0 days 01:23:53.723000,232.0,180.0,286.0,254.0,False,SOFT,1.0,True,Alpine,0 days 01:19:45.742000,2025-06-28 15:07:24.544,1,,False,,False,False,,
272,0 days 01:25:06.905000,GAS,10,0 days 00:01:13.423000,20.0,7.0,,,16.48,28.905,28.038,0 days 01:24:09.962000,0 days 01:24:38.867000,0 days 01:25:06.905000,315.0,245.0,103.0,318.0,False,SOFT,2.0,True,Alpine,0 days 01:23:53.482000,2025-06-28 15:11:32.284,12,,True,TRACK LIMITS AT TURN 10 LAP 21 ,False,True,73.423,73.423
273,0 days 01:26:42.811000,GAS,10,,21.0,7.0,,0 days 01:26:42.811000,27.486,38.586,,0 days 01:25:34.438000,0 days 01:26:13.001000,,216.0,182.0,,222.0,False,SOFT,3.0,True,Alpine,0 days 01:25:06.905000,2025-06-28 15:12:45.707,1,,False,,False,False,,
274,0 days 00:19:50.703000,OCO,31,,1.0,1.0,0 days 00:18:04.772000,,,37.365,24.608,,0 days 00:19:26.095000,0 days 00:19:50.705000,241.0,188.0,283.0,248.0,False,SOFT,1.0,True,Haas F1 Team,0 days 00:18:04.772000,2025-06-28 14:05:43.574,1,,False,,False,False,,
275,0 days 00:20:56.448000,OCO,31,0 days 00:01:05.745000,2.0,1.0,,,16.66,29.268,19.817,0 days 00:20:07.363000,0 days 00:20:36.631000,0 days 00:20:56.448000,313.0,242.0,282.0,318.0,True,SOFT,2.0,True,Haas F1 Team,0 days 00:19:50.703000,2025-06-28 14:07:29.505,1,,False,,False,True,65.745,65.745
276,0 days 00:22:32.596000,OCO,31,0 days 00:01:36.148000,3.0,1.0,,0 days 00:22:27.510000,21.582,39.358,35.208,0 days 00:21:18.030000,0 days 00:21:57.388000,0 days 00:22:32.596000,213.0,181.0,,217.0,False,SOFT,3.0,True,Haas F1 Team,0 days 00:20:56.448000,2025-06-28 14:08:35.250,1,,False,,False,False,96.148,96.148
277,0 days 00:25:36.561000,OCO,31,,4.0,2.0,0 days 00:24:05.443000,,,42.417,23.422,,0 days 00:25:13.187000,0 days 00:25:36.790000,215.0,208.0,283.0,256.0,False,SOFT,4.0,False,Haas F1 Team,0 days 00:22:32.596000,2025-06-28 14:10:11.398,1,,False,,False,False,,
278,0 days 00:26:42.382000,OCO,31,0 days 00:01:05.821000,5.0,2.0,,,16.588,29.289,19.944,0 days 00:25:53.149000,0 days 00:26:22.438000,0 days 00:26:42.382000,315.0,245.0,284.0,318.0,False,SOFT,5.0,False,Haas F1 Team,0 days 00:25:36.561000,2025-06-28 14:13:15.363,1,,False,,False,True,65.821,65.821
279,0 days 00:28:28.820000,OCO,31,0 days 00:01:46.438000,6.0,2.0,,0 days 00:28:05.765000,22.165,36.344,47.929,0 days 00:27:04.547000,0 days 00:27:40.891000,0 days 00:28:28.820000,223.0,207.0,,215.0,False,SOFT,6.0,False,Haas F1 Team,0 days 00:26:42.382000,2025-06-28 14:14:21.184,1,,False,,False,False,106.438,106.438
280,0 days 00:32:32.835000,OCO,31,,7.0,3.0,0 days 00:31:02.684000,,,37.657,25.497,,0 days 00:32:07.359000,0 days 00:32:33.077000,241.0,183.0,285.0,243.0,False,SOFT,1.0,True,Haas F1 Team,0 days 00:28:28.820000,2025-06-28 14:16:07.622,1,,False,,False,False,,
281,0 days 00:33:38.199000,OCO,31,0 days 00:01:05.364000,8.0,3.0,,,16.613,29.012,19.739,0 days 00:32:49.448000,0 days 00:33:18.460000,0 days 00:33:38.199000,313.0,247.0,285.0,319.0,True,SOFT,2.0,True,Haas F1 Team,0 days 00:32:32.835000,2025-06-28 14:20:11.637,1,,False,,False,True,65.364,65.364
282,0 days 00:35:12.554000,OCO,31,0 days 00:01:34.355000,9.0,3.0,,0 days 00:35:09.300000,20.594,42.095,31.666,0 days 00:33:58.793000,0 days 00:34:40.888000,0 days 00:35:12.554000,225.0,211.0,,227.0,False,SOFT,3.0,True,Haas F1 Team,0 days 00:33:38.199000,2025-06-28 14:21:17.001,1,,False,,False,False,94.355,94.355
283,0 days 00:20:14.953000,COL,43,,1.0,1.0,0 days 00:18:46.414000,,,36.385,23.025,,0 days 00:19:51.955000,0 days 00:20:15.173000,241.0,199.0,283.0,283.0,False,SOFT,1.0,True,Alpine,0 days 00:18:46.414000,2025-06-28 14:06:25.216,1,,False,,False,False,,
284,0 days 00:21:21.995000,COL,43,0 days 00:01:07.042000,2.0,1.0,,,16.752,29.475,20.815,0 days 00:20:31.705000,0 days 00:21:01.180000,0 days 00:21:21.995000,312.0,200.0,281.0,316.0,False,SOFT,2.0,True,Alpine,0 days 00:20:14.953000,2025-06-28 14:07:53.755,1,,True,TRACK LIMITS AT TURN 6 LAP 3 ,False,True,67.042,67.042
285,0 days 00:22:47.089000,COL,43,0 days 00:01:25.094000,3.0,1.0,,0 days 00:22:42.994000,19.903,36.314,28.877,0 days 00:21:41.898000,0 days 00:22:18.212000,0 days 00:22:47.089000,277.0,212.0,,269.0,False,SOFT,3.0,True,Alpine,0 days 00:21:21.995000,2025-06-28 14:09:00.797,1,,False,,False,False,85.094,85.094
286,0 days 00:26:52.015000,COL,43,,4.0,2.0,0 days 00:25:21.771000,,,39.145,22.356,,0 days 00:26:29.833000,0 days 00:26:52.208000,225.0,216.0,284.0,290.0,False,SOFT,1.0,True,Alpine,0 days 00:22:47.089000,2025-06-28 14:10:25.891,1,,False,,False,False,,
287,0 days 00:27:57.562000,COL,43,0 days 00:01:05.547000,5.0,2.0,,,16.58,29.162,19.805,0 days 00:27:08.595000,0 days 00:27:37.757000,0 days 00:27:57.562000,315.0,246.0,284.0,316.0,True,SOFT,2.0,True,Alpine,0 days 00:26:52.015000,2025-06-28 14:14:30.817,1,,False,,False,True,65.547,65.547
288,0 days 00:29:22.710000,COL,43,0 days 00:01:25.148000,6.0,2.0,,0 days 00:29:19.141000,20.149,35.357,29.642,0 days 00:28:17.711000,0 days 00:28:53.068000,0 days 00:29:22.710000,248.0,202.0,,277.0,False,SOFT,3.0,True,Alpine,0 days 00:27:57.562000,2025-06-28 14:15:36.364,1,,False,,False,False,85.148,85.148
289,0 days 00:34:11.559000,COL,43,,7.0,3.0,0 days 00:32:28.827000,,,36.119,25.268,,0 days 00:33:46.356000,0 days 00:34:11.772000,227.0,196.0,285.0,238.0,False,SOFT,1.0,True,Alpine,0 days 00:29:22.710000,2025-06-28 14:17:01.512,1,,False,,False,False,,
290,0 days 00:35:16.837000,COL,43,0 days 00:01:05.278000,8.0,3.0,,,16.626,28.974,19.678,0 days 00:34:28.185000,0 days 00:34:57.159000,0 days 00:35:16.837000,313.0,247.0,283.0,318.0,True,SOFT,2.0,True,Alpine,0 days 00:34:11.559000,2025-06-28 14:21:50.361,1,,False,,False,True,65.278,65.278
291,0 days 00:36:46.548000,COL,43,0 days 00:01:29.711000,9.0,3.0,,0 days 00:36:42.891000,23.32,36.625,29.766,0 days 00:35:40.157000,0 days 00:36:16.782000,0 days 00:36:46.548000,207.0,202.0,,206.0,False,SOFT,3.0,True,Alpine,0 days 00:35:16.837000,2025-06-28 14:22:55.639,1,,False,,False,False,89.711,89.711
292,0 days 00:48:05.479000,COL,43,,10.0,4.0,0 days 00:46:22.875000,,,35.56,23.081,,0 days 00:47:42.499000,0 days 00:48:05.479000,230.0,214.0,284.0,284.0,False,SOFT,4.0,False,Alpine,0 days 00:36:46.548000,2025-06-28 14:24:25.350,12,,False,,False,False,,
293,0 days 00:49:12.066000,COL,43,0 days 00:01:06.587000,11.0,4.0,,,16.741,29.385,20.461,0 days 00:48:22.220000,0 days 00:48:51.605000,0 days 00:49:12.066000,309.0,242.0,283.0,317.0,True,SOFT,5.0,False,Alpine,0 days 00:48:05.479000,2025-06-28 14:35:44.281,1,,False,,False,True,66.587,66.587
294,0 days 00:50:37.837000,COL,43,0 days 00:01:25.771000,12.0,4.0,,0 days 00:50:34.299000,21.967,34.63,29.174,0 days 00:49:34.033000,0 days 00:50:08.663000,0 days 00:50:37.837000,213.0,228.0,,278.0,False,SOFT,6.0,False,Alpine,0 days 00:49:12.066000,2025-06-28 14:36:50.868,1,,False,,False,False,85.771,85.771
295,0 days 01:04:46.195000,COL,43,,13.0,5.0,0 days 01:03:05.459000,,,40.473,22.211,,0 days 01:04:24.080000,0 days 01:04:46.305000,172.0,222.0,285.0,284.0,False,SOFT,1.0,True,Alpine,0 days 01:03:05.459000,2025-06-28 14:50:44.261,1,,False,,False,False,,
296,0 days 01:05:51.483000,COL,43,0 days 00:01:05.288000,14.0,5.0,,,16.482,29.112,19.694,0 days 01:05:02.677000,0 days 01:05:31.789000,0 days 01:05:51.483000,317.0,246.0,286.0,316.0,True,SOFT,2.0,True,Alpine,0 days 01:04:46.195000,2025-06-28 14:52:24.997,1,,False,,False,True,65.288,65.288
297,0 days 01:07:42.499000,COL,43,0 days 00:01:51.016000,15.0,5.0,,0 days 01:07:20.366000,24.983,36.536,49.497,0 days 01:06:16.466000,0 days 01:06:53.002000,0 days 01:07:42.499000,167.0,177.0,,270.0,False,SOFT,3.0,True,Alpine,0 days 01:05:51.483000,2025-06-28 14:53:30.285,1,,False,,False,False,111.016,111.016
298,0 days 00:24:04.505000,HAD,6,,1.0,2.0,0 days 00:22:32.354000,,,36.568,24.232,,0 days 00:23:40.328000,0 days 00:24:04.505000,273.0,213.0,284.0,259.0,False,SOFT,1.0,True,Racing Bulls,0 days 00:22:32.354000,2025-06-28 14:10:11.156,1,,False,,False,False,,
299,0 days 00:25:09.849000,HAD,6,0 days 00:01:05.344000,2.0,2.0,,,16.714,28.963,19.667,0 days 00:24:21.219000,0 days 00:24:50.182000,0 days 00:25:09.849000,311.0,249.0,285.0,316.0,True,SOFT,2.0,True,Racing Bulls,0 days 00:24:04.505000,2025-06-28 14:11:43.307,1,,False,,False,True,65.344,65.344
300,0 days 00:26:36.641000,HAD,6,0 days 00:01:26.792000,3.0,2.0,,0 days 00:26:33.348000,19.92,36.331,30.541,0 days 00:25:29.769000,0 days 00:26:06.100000,0 days 00:26:36.641000,260.0,190.0,,251.0,False,SOFT,3.0,True,Racing Bulls,0 days 00:25:09.849000,2025-06-28 14:12:48.651,1,,False,,False,False,86.792,86.792
301,0 days 00:34:23.378000,HAD,6,,4.0,2.0,0 days 00:32:48.061000,,,38.451,25.283,,0 days 00:33:58.095000,0 days 00:34:23.591000,214.0,214.0,285.0,251.0,False,SOFT,4.0,True,Racing Bulls,0 days 00:26:36.641000,2025-06-28 14:14:15.443,1,,False,,False,False,,
302,0 days 00:35:28.441000,HAD,6,0 days 00:01:05.063000,5.0,2.0,,,16.556,28.822,19.685,0 days 00:34:39.934000,0 days 00:35:08.756000,0 days 00:35:28.441000,312.0,247.0,282.0,320.0,True,SOFT,5.0,True,Racing Bulls,0 days 00:34:23.378000,2025-06-28 14:22:02.180,1,,False,,False,True,65.063,65.063
303,0 days 00:36:56.424000,HAD,6,0 days 00:01:27.983000,6.0,2.0,,0 days 00:36:53.095000,22.468,35.733,29.782,0 days 00:35:50.909000,0 days 00:36:26.642000,0 days 00:36:56.424000,235.0,195.0,,245.0,False,SOFT,6.0,True,Racing Bulls,0 days 00:35:28.441000,2025-06-28 14:23:07.243,1,,False,,False,False,87.983,87.98299999999999
304,0 days 00:47:21.719000,HAD,6,,7.0,3.0,0 days 00:46:00.418000,,,36.957,24.335,,0 days 00:46:57.593000,0 days 00:47:21.812000,259.0,186.0,284.0,259.0,False,SOFT,1.0,True,Racing Bulls,0 days 00:36:56.424000,2025-06-28 14:24:35.226,12,,False,,False,False,,
305,0 days 00:48:27.276000,HAD,6,0 days 00:01:05.557000,8.0,3.0,,,16.699,28.976,19.882,0 days 00:47:38.418000,0 days 00:48:07.394000,0 days 00:48:27.276000,310.0,249.0,284.0,317.0,True,SOFT,2.0,True,Racing Bulls,0 days 00:47:21.719000,2025-06-28 14:35:00.521,1,,False,,False,True,65.557,65.557
306,0 days 00:50:24.231000,HAD,6,0 days 00:01:56.955000,9.0,3.0,,0 days 00:49:59.750000,22.471,38.592,55.892,0 days 00:48:49.747000,0 days 00:49:28.339000,0 days 00:50:24.231000,223.0,192.0,,260.0,False,SOFT,3.0,True,Racing Bulls,0 days 00:48:27.276000,2025-06-28 14:36:06.078,1,,False,,False,False,116.955,116.95500000000001
307,0 days 01:02:40.915000,HAD,6,,10.0,4.0,0 days 01:01:15.116000,,,37.76,24.787,,0 days 01:02:16.242000,0 days 01:02:41.177000,256.0,178.0,283.0,259.0,False,SOFT,1.0,True,Racing Bulls,0 days 01:01:15.116000,2025-06-28 14:48:53.918,1,,False,,False,False,,
308,0 days 01:03:46.141000,HAD,6,0 days 00:01:05.226000,11.0,4.0,,,16.712,28.884,19.63,0 days 01:02:57.627000,0 days 01:03:26.511000,0 days 01:03:46.141000,313.0,249.0,283.0,316.0,True,SOFT,2.0,True,Racing Bulls,0 days 01:02:40.915000,2025-06-28 14:50:19.717,1,,False,,False,True,65.226,65.226
309,0 days 01:05:19.412000,HAD,6,0 days 00:01:33.271000,12.0,4.0,,0 days 01:05:15.897000,26.519,36.315,30.437,0 days 01:04:12.660000,0 days 01:04:48.975000,0 days 01:05:19.412000,138.0,180.0,,279.0,False,SOFT,3.0,True,Racing Bulls,0 days 01:03:46.141000,2025-06-28 14:51:24.943,1,,False,,False,False,93.271,93.271
